candidate,generator,length,seed_width_bits,search_space_size,search_method,seeds_evaluated_per_segment,search_seconds,stopping_condition,descriptor_sha256,reconstructed_values_per_weight,reconstruction_class,segment_count,seed_bits_per_segment,scale_bits_per_segment,bias_bits_per_segment,mode_bits_per_segment,length_bits_per_segment,position_bits_per_segment,descriptor_bits_per_segment,descriptor_bytes,metadata_bytes,alignment_padding_bytes,shared_generator_bytes,total_true_bytes,true_bpw,rmse,mae,p99,p999,max_absolute_error,relative_l2,cosine,correlation,validation_mean_relative_l2,validation_median_relative_l2,validation_p95_relative_l2,validation_mean_cosine,validation_minimum_cosine,random_mean_relative_l2,random_median_relative_l2,random_p95_relative_l2,random_mean_cosine,random_minimum_cosine,test_mean_relative_l2,test_median_relative_l2,test_p95_relative_l2,test_mean_cosine,test_minimum_cosine,cycles_per_weight,generated_weights_per_second,generated_GB_per_s,bytes_avoided_vs_Q3_K,bytes_avoided_vs_Q4_K,bytes_avoided_vs_Q8_0,permuted_control_rmse,permuted_control_mae,permuted_control_p99,permuted_control_p999,permuted_control_max_absolute_error,permuted_control_relative_l2,permuted_control_cosine,permuted_control_correlation,permuted_control_test_mean_relative_l2,permuted_control_test_median_relative_l2,permuted_control_test_p95_relative_l2,permuted_control_test_mean_cosine,permuted_control_test_minimum_cosine,family,block_size,bytes_per_block,requires_imatrix,imatrix,functional_validation_only_for_imatrix,functional_test_untouched,serialized_sha256
G0_HASH_SIGN_L8,G0_HASH_SIGN,8,8,256,exhaustive,256,0.6276047909996123,all 256 seeds evaluated for every segment,b529c44b2f89982841aac4eb565ed30fef096c85a3c7cbde7f82273866e6f73f,1.0,SMALL_TILE_GENERATABLE,655360,8,16,0,0,0,0,24,1966080,16,48,16,1966160,3.0001220703125,0.015222400575282439,0.011823141935337844,0.044172488152980804,0.06627427786588669,0.35739707946777344,0.5758353741699181,0.8175656682216408,0.8175657251283902,0.49343323707580566,0.4634500741958618,0.629936933517456,0.9562685489654541,0.870125412940979,0.5720149278640747,0.5727618336677551,0.6063679456710815,0.8206585645675659,0.793988823890686,0.48514971137046814,0.4509202837944031,0.6673288345336914,0.9497447609901428,0.870125412940979,1.586431503,2647117035.2418456,10.588468141,286640,982960,3604400,,,,,,,,,,,,,,,,,,,,,
G0_HASH_SIGN_L16,G0_HASH_SIGN,16,8,256,exhaustive,256,0.31999994500074536,all 256 seeds evaluated for every segment,2deafdd0929719aa0d26aa91061fe3fb41b621fa71e2923d19236b042007008e,1.0,SMALL_TILE_GENERATABLE,327680,8,16,0,0,0,0,24,983040,16,48,16,983120,1.5001220703125,0.019377034697167957,0.015050364284797979,0.05316076800227165,0.07522732019424438,0.3819465637207031,0.732997530183584,0.6802312994451208,0.6802313156092045,0.6436793804168701,0.6186898946762085,0.7374107241630554,0.9356358051300049,0.856512188911438,0.7294321060180664,0.7350701093673706,0.7505320906639099,0.6849972605705261,0.6359332799911499,0.6388213038444519,0.6169751882553101,0.7630116939544678,0.9238599538803101,0.856512188911438,1.121080399,3745723629.5699606,14.982894518,1269680,1966000,4587440,,,,,,,,,,,,,,,,,,,,,
G0_HASH_SIGN_L32,G0_HASH_SIGN,32,8,256,exhaustive,256,0.1864277780005068,all 256 seeds evaluated for every segment,022a201556d2bf8d1ba0e360453e6a1be02ab4133c887ecca1d925f029465a23,1.0,SMALL_TILE_GENERATABLE,163840,8,16,0,0,0,0,24,491520,16,48,16,491600,0.7501220703125,0.02272684074009015,0.017799325450187097,0.0611024908721447,0.08445101231336594,0.3953437805175781,0.859714522459749,0.5107748426384404,0.5107748611219335,0.7892463207244873,0.7756022214889526,0.8330375552177429,0.8945160508155823,0.8270640969276428,0.8566420674324036,0.8577231168746948,0.8729228377342224,0.5170853137969971,0.46928277611732483,0.7863305807113647,0.7747442722320557,0.8484482169151306,0.8728576302528381,0.80434250831604,0.855279922,4910052117.233338,19.640208469,1761200,2457520,5078960,,,,,,,,,,,,,,,,,,,,,
G0_HASH_SIGN_L64,G0_HASH_SIGN,64,8,256,exhaustive,256,0.08941113199944084,all 256 seeds evaluated for every segment,7a0069d7d7f97dfcdec8c2801f19efcda984d014c04766f78ee737772e5e4396,1.0,SMALL_TILE_GENERATABLE,81920,8,16,0,0,0,0,24,245760,16,48,16,245840,0.3751220703125,0.024539059168465268,0.019262006664757792,0.06558237224817276,0.09015392512083054,0.4051704406738281,0.9282674075070304,0.37191345789079056,0.37191347420232423,0.8828876614570618,0.8807954788208008,0.9008309841156006,0.8296752572059631,0.7335572242736816,0.9272885322570801,0.9272691011428833,0.9477429389953613,0.3753007650375366,0.3136079013347626,0.8813586831092834,0.8794776797294617,0.9094484448432922,0.7972452640533447,0.727215051651001,0.941581964,4458925629.894536,17.83570252,2006960,2703280,5324720,,,,,,,,,,,,,,,,,,,,,
G0_HASH_SIGN_L128,G0_HASH_SIGN,128,8,256,exhaustive,256,0.03944797900112462,all 256 seeds evaluated for every segment,fa109add5c138bb85306ec2b572aefc9480f524620aac36b790b24fbc1a99bae,1.0,SMALL_TILE_GENERATABLE,40960,8,16,0,0,0,0,24,122880,16,48,16,122960,0.1876220703125,0.025478890750187472,0.020010153029352294,0.06800270080566406,0.0934678241610527,0.4122962951660156,0.9638195050780584,0.2665557383198379,0.2665557158262595,0.9358956217765808,0.9362582564353943,0.9410842657089233,0.7419640421867371,0.5812561511993408,0.9644225239753723,0.9658480882644653,0.981270968914032,0.2651059627532959,0.19499073922634125,0.9341549277305603,0.9348151087760925,0.9410842657089233,0.7104659080505371,0.5951862335205078,0.902686715,4652463483.332238,18.609853933,2129840,2826160,5447600,,,,,,,,,,,,,,,,,,,,,
G0_HASH_SIGN_L256,G0_HASH_SIGN,256,8,256,exhaustive,256,0.013010040000153822,all 256 seeds evaluated for every segment,926023f54e35deea62c814a5f74aa5f65f5cb85f03e5acb0bce7be5e424f288f,1.0,SMALL_TILE_GENERATABLE,20480,8,16,0,0,0,0,24,61440,16,48,16,61520,0.0938720703125,0.025954638420246697,0.020381357890528307,0.06925582885742188,0.09520483016967773,0.4196815490722656,0.9818161631113422,0.18983419569021298,0.18983416554212867,0.9662557244300842,0.9657226800918579,0.9724484086036682,0.6317434310913086,0.43190979957580566,0.9821168184280396,0.9829719066619873,0.9940540194511414,0.18908649682998657,0.11368286609649658,0.9666274785995483,0.9666510224342346,0.9703830480575562,0.5789421200752258,0.36701762676239014,1.026594758,4090929783.923806,16.363719136,2191280,2887600,5509040,,,,,,,,,,,,,,,,,,,,,
G1_HASH_AFFINE_L8,G1_HASH_AFFINE,8,8,256,exhaustive,256,0.25029409699891403,all 256 seeds evaluated for every segment,004177d6f9e5b9d222abfff6f37c4ebd1bbea0ffb0f72eb86fc81dc6102375b2,1.0,SMALL_TILE_GENERATABLE,655360,8,16,16,0,0,0,40,3276800,16,48,16,3276880,5.0001220703125,0.011159140847951714,0.008652585063285156,0.031029218807816505,0.043431494385004044,0.15698575973510742,0.42212974319103685,0.9065354267231919,0.9065354254036786,0.20897452533245087,0.20969058573246002,0.2237972617149353,0.9936298131942749,0.9875448942184448,0.4172920882701874,0.41993170976638794,0.4411909282207489,0.9087293744087219,0.8951566815376282,0.21572168171405792,0.21650078892707825,0.23359321057796478,0.9917070865631104,0.9858339428901672,5.414422989,775615269.4522194,3.102461078,-1024080,-327760,2293680,,,,,,,,,,,,,,,,,,,,,
G1_HASH_AFFINE_L16,G1_HASH_AFFINE,16,8,256,exhaustive,256,0.1519875529993442,all 256 seeds evaluated for every segment,44ad7f1dd91e029a5690f50955b016a773e0097a3716ced9cc36cd7617efab94,1.0,SMALL_TILE_GENERATABLE,327680,8,16,16,0,0,0,40,1638400,16,48,16,1638480,2.5001220703125,0.01826661022251067,0.014290880815205909,0.04948177933692932,0.06839010864496231,0.2523994445800781,0.690992217704169,0.7228621964685387,0.7228621920346302,0.5381796360015869,0.5346190929412842,0.5706501603126526,0.9679076075553894,0.9301084280014038,0.6878409385681152,0.6876964569091797,0.7187551259994507,0.7262424230575562,0.690982460975647,0.5359730124473572,0.5288958549499512,0.5782901048660278,0.960709273815155,0.9309672117233276,5.060863495,829873272.4592661,3.31949309,614320,1310640,3932080,,,,,,,,,,,,,,,,,,,,,
G1_HASH_AFFINE_L32,G1_HASH_AFFINE,32,8,256,exhaustive,256,0.06916799300051935,all 256 seeds evaluated for every segment,9aec7c3948da1fc2a90253552828019e995db409cec2f4bf30804395e320923b,1.0,SMALL_TILE_GENERATABLE,163840,8,16,16,0,0,0,40,819200,16,48,16,819280,1.2501220703125,0.0222403367563465,0.017449019242854136,0.059610314667224884,0.08176108449697495,0.36197689175605774,0.8413109728928752,0.5405514285369277,0.5405514197470253,0.7399815320968628,0.7355374097824097,0.7653162479400635,0.9274162650108337,0.8677060604095459,0.8387762308120728,0.8420137166976929,0.8611584901809692,0.5456423759460449,0.4923442006111145,0.7362492680549622,0.7302148938179016,0.7725951075553894,0.9122660756111145,0.8573527336120605,4.954819679,847628670.9725399,3.390514684,1433520,2129840,4751280,,,,,,,,,,,,,,,,,,,,,
G1_HASH_AFFINE_L64,G1_HASH_AFFINE,64,8,256,exhaustive,256,0.0449775379984203,all 256 seeds evaluated for every segment,d24ab7315791bee2be604fae4a80a656ea4953a87cd9eaf23f13ffbb3c63ca72,1.0,SMALL_TILE_GENERATABLE,81920,8,16,16,0,0,0,40,409600,16,48,16,409680,0.6251220703125,0.02431545847364495,0.019096132143725388,0.06495771557092667,0.08899625390768051,0.3889053463935852,0.9198090050934565,0.3923664028955426,0.39236638842076943,0.8590807914733887,0.860542356967926,0.870277464389801,0.8630814552307129,0.7568492293357849,0.9208682179450989,0.923284649848938,0.9435478448867798,0.3907909095287323,0.32888713479042053,0.8584537506103516,0.8574610352516174,0.8754718899726868,0.8347866535186768,0.7571321129798889,4.9129529,854842072.5462521,3.41936829,1843120,2539440,5160880,,,,,,,,,,,,,,,,,,,,,
G1_HASH_AFFINE_L128,G1_HASH_AFFINE,128,8,256,exhaustive,256,0.03202937700007169,all 256 seeds evaluated for every segment,f59deec90d17cc4cc0673ad1456bbde583884f967312f93ba6e944cdda2faf07,1.0,SMALL_TILE_GENERATABLE,40960,8,16,16,0,0,0,40,204800,16,48,16,204880,0.3126220703125,0.025371225752215513,0.019927624827321178,0.06772924959659576,0.09294257313013077,0.3994586765766144,0.9597467365232282,0.2808668752715675,0.28086685325644417,0.9246281385421753,0.9242613315582275,0.9346911907196045,0.7790459990501404,0.6036950945854187,0.9594013690948486,0.9584304094314575,0.9766558408737183,0.282734215259552,0.17166757583618164,0.9225993752479553,0.9242613315582275,0.9296219944953918,0.7499781250953674,0.6540036797523499,5.086308002,825719921.5937917,3.302879686,2047920,2744240,5365680,,,,,,,,,,,,,,,,,,,,,
G1_HASH_AFFINE_L256,G1_HASH_AFFINE,256,8,256,exhaustive,256,0.0287220440004603,all 256 seeds evaluated for every segment,1d71a88a475e86bf79f4c8c2959819e09ea858fa40b15fe82b88b16bbe127786,1.0,SMALL_TILE_GENERATABLE,20480,8,16,16,0,0,0,40,102400,16,48,16,102480,0.1563720703125,0.025900985416107473,0.020340109184739486,0.06914570182561874,0.09492786228656769,0.40967321395874023,0.9797865687933556,0.2000456938678202,0.2000456616540326,0.9603313207626343,0.9600098133087158,0.9694359302520752,0.6672447323799133,0.4519095718860626,0.9806023836135864,0.9811279773712158,0.9919438362121582,0.19662654399871826,0.12670111656188965,0.9601892828941345,0.960099458694458,0.9688404202461243,0.6236580610275269,0.4557555317878723,5.029020309,835140686.689658,3.340562747,2150320,2846640,5468080,,,,,,,,,,,,,,,,,,,,,
G2_CENTER_DENSE_L8,G2_CENTER_DENSE,8,8,256,exhaustive,256,0.19073397899956035,all 256 seeds evaluated for every segment,b7738281cf48c4aa20136119e5675f9c1514ccc7fadc2a100dc003bbf878dba9,1.0,SMALL_TILE_GENERATABLE,655360,8,16,0,0,0,0,24,1966080,16,48,16,1966160,3.0001220703125,0.01331850904025901,0.010347806353820488,0.03685808181762695,0.05122566223144531,0.14210891723632812,0.503814664359579,0.8638117757802213,0.8638117805919276,0.27426692843437195,0.2734532356262207,0.29231035709381104,0.9901078343391418,0.9807851314544678,0.4982289671897888,0.5030303001403809,0.5242583751678467,0.8671650886535645,0.8494117856025696,0.2790352702140808,0.2791253626346588,0.2927108108997345,0.9873566627502441,0.9780401587486267,5.892230988,712775394.479161,2.851101578,286640,982960,3604400,,,,,,,,,,,,,,,,,,,,,
G2_CENTER_DENSE_L16,G2_CENTER_DENSE,16,8,256,exhaustive,256,0.14614694000010786,all 256 seeds evaluated for every segment,219f3cfbb63e80b4cabefd95324cad5edc4681c2065bc3dbfffb6c3168acb780,1.0,SMALL_TILE_GENERATABLE,327680,8,16,0,0,0,0,24,983040,16,48,16,983120,1.5001220703125,0.019254804023869268,0.015110721973496766,0.0518467053771019,0.07076297700405121,0.2575263977050781,0.7283737689610421,0.6851800148060103,0.6851800931901152,0.5499025583267212,0.5494072437286377,0.5657516121864319,0.9685076475143433,0.9401573538780212,0.726858377456665,0.7298134565353394,0.7586816549301147,0.6873806715011597,0.64603191614151,0.5518219470977783,0.5528043508529663,0.565081000328064,0.9601119160652161,0.937637209892273,5.634020805,745446247.1616801,2.981784989,1269680,1966000,4587440,0.031996315374916776,0.025071195554619407,0.08649826049804688,0.11906370520591736,0.4576835632324219,1.210361673564884,0.00328080990708975,0.003280847739565593,1.0072224140167236,1.0037591457366943,1.049763798713684,0.06038115918636322,-0.17855693399906158,,,,,,,,
G2_CENTER_DENSE_L32,G2_CENTER_DENSE,32,8,256,exhaustive,256,0.04683173500052362,all 256 seeds evaluated for every segment,c388d47cb0fa19a428d9ce2b81da28c9d741ba1de00c78e7de425d6862e62c94,1.0,SMALL_TILE_GENERATABLE,163840,8,16,0,0,0,0,24,491520,16,48,16,491600,0.7501220703125,0.022698736717404234,0.017838173338623163,0.06070824712514877,0.08289825171232224,0.33353233337402344,0.8586513990490235,0.512560020789024,0.5125600192432389,0.7487180829048157,0.750028133392334,0.7554904818534851,0.92815762758255,0.8718542456626892,0.8567473888397217,0.8612796068191528,0.880180835723877,0.5169253349304199,0.46879154443740845,0.7486186623573303,0.7464428544044495,0.7608845829963684,0.9120407104492188,0.8654190897941589,5.520747185,760739129.4648242,3.042956518,1761200,2457520,5078960,,,,,,,,,,,,,,,,,,,,,
G2_CENTER_DENSE_L64,G2_CENTER_DENSE,64,8,256,exhaustive,256,0.019198945999960415,all 256 seeds evaluated for every segment,7fb462eac28bb426ee08dd6ec2ab1b6218b2e0f27cec6ec17719e008070ad126,1.0,SMALL_TILE_GENERATABLE,81920,8,16,0,0,0,0,24,245760,16,48,16,245840,0.3751220703125,0.024526285982080512,0.019272584338250454,0.06544876098632812,0.08959225565195084,0.4131507873535156,0.9277842213942468,0.3731171914185866,0.37311721380051105,0.8639624714851379,0.8634254932403564,0.8736532330513,0.8659186363220215,0.7591487765312195,0.9233144521713257,0.9236476421356201,0.9416710734367371,0.3849450945854187,0.31496208906173706,0.8640526533126831,0.8640534281730652,0.8731323480606079,0.8345106840133667,0.7293030023574829,5.74055028,731600359.2152071,2.926401437,2006960,2703280,5324720,,,,,,,,,,,,,,,,,,,,,
G2_CENTER_DENSE_L128,G2_CENTER_DENSE,128,8,256,exhaustive,256,0.024876614999811864,all 256 seeds evaluated for every segment,262eabc998177aad69a1a16d9df2d6e8d56824c9b5a1837ddedba03a760cc9d9,1.0,SMALL_TILE_GENERATABLE,40960,8,16,0,0,0,0,24,122880,16,48,16,122960,0.1876220703125,0.025472148658829817,0.02000802145112175,0.06791877746582031,0.09346246719360352,0.4008369445800781,0.9635644641808999,0.2674762108448251,0.26747623666290804,0.9298098683357239,0.9289471507072449,0.9372243881225586,0.7745416164398193,0.5719045400619507,0.9623427391052246,0.9642896056175232,0.9782589077949524,0.27220794558525085,0.1981014907360077,0.9298990368843079,0.9293297529220581,0.9380900859832764,0.7289789319038391,0.5952125191688538,5.566609383,754484361.7511889,3.017937447,2129840,2826160,5447600,,,,,,,,,,,,,,,,,,,,,
G2_CENTER_DENSE_L256,G2_CENTER_DENSE,256,8,256,exhaustive,256,0.028370726000503055,all 256 seeds evaluated for every segment,b60a82299a1adfa56283ec84417ee0913d0e10cf55f0a3e84d9576fe21853dc2,1.0,SMALL_TILE_GENERATABLE,20480,8,16,0,0,0,0,24,61440,16,48,16,61520,0.0938720703125,0.025951455304537525,0.02037955661585329,0.0692739486694336,0.09534651041030884,0.4111824035644531,0.9816957517073489,0.19045590324205602,0.190455885106395,0.9642918705940247,0.9639643430709839,0.9698483347892761,0.6529356837272644,0.48806843161582947,0.9824122786521912,0.9836471080780029,0.9927234053611755,0.18709143996238708,0.0893920436501503,0.9639039039611816,0.9631515741348267,0.9679737091064453,0.6063957214355469,0.43307051062583923,5.481824398,766151473.6900774,3.064605895,2191280,2887600,5509040,,,,,,,,,,,,,,,,,,,,,
G3_RECURRENCE_L8,G3_RECURRENCE,8,8,256,exhaustive,256,0.21975003099942114,all 256 seeds evaluated for every segment,a0faa574719c9949935aa05e9139ffa61974c34f1875646dbdb539eb352fe99a,1.0,SMALL_TILE_GENERATABLE,655360,8,16,0,0,0,0,24,1966080,16,48,16,1966160,3.0001220703125,0.013504385246597129,0.01048947046485944,0.03725477680563927,0.05291980504989624,0.22400444746017456,0.5108460188622191,0.85967223115096,0.8596722795367487,0.3358735144138336,0.32589995861053467,0.3796696066856384,0.9866896271705627,0.9748538136482239,0.5087602734565735,0.5102752447128296,0.5369963645935059,0.8609449863433838,0.8431917428970337,0.3344576358795166,0.3261985182762146,0.3924318850040436,0.9833453297615051,0.9743238687515259,5.14405632,816439414.2306327,3.265757657,286640,982960,3604400,,,,,,,,,,,,,,,,,,,,,
G3_RECURRENCE_L16,G3_RECURRENCE,16,8,256,exhaustive,256,0.11066404399934981,all 256 seeds evaluated for every segment,d32b05ef9877ddb35602bee1d81a69c033d1573b75aa93c711769115706d6f7e,1.0,SMALL_TILE_GENERATABLE,327680,8,16,0,0,0,0,24,983040,16,48,16,983120,1.5001220703125,0.01928370982075568,0.01508008475082383,0.05216468870639801,0.07237347215414047,0.3146921992301941,0.7294672220129175,0.6840157687950607,0.6840158105879258,0.5952732563018799,0.5898069739341736,0.6409322023391724,0.9587149024009705,0.9254847764968872,0.7256232500076294,0.7249388694763184,0.7635208368301392,0.6890711784362793,0.6249827742576599,0.5940020680427551,0.5846789479255676,0.6518207788467407,0.9483888745307922,0.9236106872558594,5.080970764,826569708.4355632,3.306278834,1269680,1966000,4587440,,,,,,,,,,,,,,,,,,,,,
G3_RECURRENCE_L32,G3_RECURRENCE,32,8,256,exhaustive,256,0.061145374000261654,all 256 seeds evaluated for every segment,d79be5ae906db20da60c4aa86c63dd6a65681065959ed101197f4c297fb831e0,1.0,SMALL_TILE_GENERATABLE,163840,8,16,0,0,0,0,24,491520,16,48,16,491600,0.7501220703125,0.02270785264609146,0.017814391835158695,0.06087677925825119,0.08370412886142731,0.3795658349990845,0.8589962378397724,0.5119818975443259,0.5119820458079555,0.7706407308578491,0.7673876881599426,0.7945510149002075,0.914043128490448,0.8575146198272705,0.8540829420089722,0.8520768284797668,0.8889959454536438,0.5211737155914307,0.4426451325416565,0.7710016965866089,0.7672953605651855,0.8066136837005615,0.8919405937194824,0.820838451385498,5.320595503,789318438.8661286,3.157273755,1761200,2457520,5078960,,,,,,,,,,,,,,,,,,,,,
G3_RECURRENCE_L64,G3_RECURRENCE,64,8,256,exhaustive,256,0.05566382599863573,all 256 seeds evaluated for every segment,39146f10482327487cc79ab783b7b73b7a073ad85950d1002d31f72ad2b3c16c,1.0,SMALL_TILE_GENERATABLE,81920,8,16,0,0,0,0,24,245760,16,48,16,245840,0.3751220703125,0.024530493029944273,0.019267108501834905,0.0655156746506691,0.08994892984628677,0.384634792804718,0.9279433662655793,0.3727212216315904,0.37272133825873,0.8737986087799072,0.8744896650314331,0.8877091407775879,0.848121702671051,0.7342981696128845,0.9246644377708435,0.922687828540802,0.9481345415115356,0.38190603256225586,0.306299090385437,0.8738519549369812,0.8728801608085632,0.888970673084259,0.8175461292266846,0.7349187135696411,5.674315453,740086815.3843969,2.960347262,2006960,2703280,5324720,,,,,,,,,,,,,,,,,,,,,
G3_RECURRENCE_L128,G3_RECURRENCE,128,8,256,exhaustive,256,0.024854955001501366,all 256 seeds evaluated for every segment,96350b4c44793ce8e4629e5ccd798f07fee8669f04b3f6a8254a2c70b90b630d,1.0,SMALL_TILE_GENERATABLE,40960,8,16,0,0,0,0,24,122880,16,48,16,122960,0.1876220703125,0.0254751793076103,0.020008332951828467,0.06801898032426834,0.09348603338003159,0.4211326837539673,0.9636791080418339,0.2670628702614328,0.26706293628862576,0.934994637966156,0.9343907833099365,0.9418835639953613,0.7512619495391846,0.6118074059486389,0.9622847437858582,0.9633749723434448,0.9736690521240234,0.2728780508041382,0.20301459729671478,0.9350179433822632,0.934894323348999,0.9418835639953613,0.7057799696922302,0.5948981046676636,5.958273053,704844133.0180082,2.819376532,2129840,2826160,5447600,,,,,,,,,,,,,,,,,,,,,
G3_RECURRENCE_L256,G3_RECURRENCE,256,8,256,exhaustive,256,0.013529719999496592,all 256 seeds evaluated for every segment,c04b8e0bcb7f809b6c1c5f5a09bf294ebd0e5f7c4f4d6e5f2bdea831d292035c,1.0,SMALL_TILE_GENERATABLE,20480,8,16,0,0,0,0,24,61440,16,48,16,61520,0.0938720703125,0.025953277597473633,0.020382459235542716,0.0692601352930069,0.09528841823339462,0.42307183146476746,0.9817646856924758,0.1901002418415423,0.19010021462015672,0.9659199714660645,0.9656934142112732,0.969294548034668,0.6340345144271851,0.47503429651260376,0.9808105230331421,0.9807309508323669,0.9892210364341736,0.19553986191749573,0.12377650290727615,0.965756356716156,0.9654349088668823,0.9713857173919678,0.5875106453895569,0.4283182919025421,6.00935483,698881420.8825762,2.795525684,2191280,2887600,5509040,,,,,,,,,,,,,,,,,,,,,
G4_TINY_BASIS_L8,G4_TINY_BASIS,8,8,256,exhaustive,256,0.1899677410001459,all 256 seeds evaluated for every segment,4b60f4384b8211b65c19e9d026fbe9d0dca2fb07546199d431a4c4dc83561a66,1.0,SMALL_TILE_GENERATABLE,655360,8,16,0,0,0,0,24,1966080,16,48,2048,1968192,3.00322265625,0.01634767979579209,0.012630042368041994,0.04574790224432945,0.0632406547665596,0.21051618456840515,0.6184026143225697,0.7858614423656993,0.7858614404186897,0.36820054054260254,0.37473034858703613,0.39888742566108704,0.9836741089820862,0.9682106375694275,0.6142386198043823,0.616041362285614,0.6497851014137268,0.7894245386123657,0.7313814759254456,0.3778987526893616,0.38483694195747375,0.40854907035827637,0.9788157939910889,0.9643345475196838,9.983219147,420698384.9321856,1.68279354,284608,980928,3602368,,,,,,,,,,,,,,,,,,,,,
G4_TINY_BASIS_L16,G4_TINY_BASIS,16,8,256,exhaustive,256,0.09760192599969741,all 256 seeds evaluated for every segment,196775888e54c563e1a904fe9c82dccdea862969ec786badda7f98781aa40e81,1.0,SMALL_TILE_GENERATABLE,327680,8,16,0,0,0,0,24,983040,16,48,2048,985152,1.50322265625,0.021540303413031307,0.016916238460848554,0.05786316841840744,0.07889574021100998,0.2994655966758728,0.8148300009735123,0.579699982352289,0.5797000257476405,0.6628003120422363,0.661221981048584,0.705913245677948,0.9503028988838196,0.9048020243644714,0.8084614872932434,0.8089555501937866,0.8480033278465271,0.5893785953521729,0.5083309412002563,0.6609598994255066,0.6577335596084595,0.7087984085083008,0.9373732209205627,0.8783403635025024,7.911008835,530893375.3764336,2.123573502,1267648,1963968,4585408,,,,,,,,,,,,,,,,,,,,,
G4_TINY_BASIS_L32,G4_TINY_BASIS,32,8,256,exhaustive,256,0.05998174800151901,all 256 seeds evaluated for every segment,1f85f84d2c25f189bbd0e6d111ca4729467058d653259b82007d7cf72353a9fc,1.0,SMALL_TILE_GENERATABLE,163840,8,16,0,0,0,0,24,491520,16,48,2048,493632,0.75322265625,0.02409724141325783,0.01893988441017589,0.06436365842819214,0.08787165582180023,0.35237035155296326,0.9115542556538472,0.4111798134891365,0.4111798071477001,0.8320269584655762,0.8346157073974609,0.8568620085716248,0.8906444907188416,0.7899680733680725,0.9122500419616699,0.914223313331604,0.9391087889671326,0.4104062616825104,0.30135786533355713,0.835809588432312,0.8341290950775146,0.8791106939315796,0.8567715287208557,0.6914286613464355,6.586983204,637589484.4579446,2.550357938,1759168,2455488,5076928,,,,,,,,,,,,,,,,,,,,,
G4_TINY_BASIS_L64,G4_TINY_BASIS,64,8,256,exhaustive,256,0.047670406000179355,all 256 seeds evaluated for every segment,5654794cb3f96ce750bb2f88e8d394ea64b8e601ec2619bdd17bcbb073a6d4ee,1.0,SMALL_TILE_GENERATABLE,81920,8,16,0,0,0,0,24,245760,16,48,2048,247872,0.37822265625,0.025283426373295108,0.019863680937804863,0.06740140914916992,0.09271511435508728,0.3799991309642792,0.9564254477447243,0.2919766478375498,0.29197663432017595,0.913870096206665,0.9136871695518494,0.9385413527488708,0.7996858954429626,0.5249083042144775,0.9576004147529602,0.9605398178100586,0.9738006591796875,0.2891186475753784,0.22465990483760834,0.9129639267921448,0.912461519241333,0.9281243681907654,0.7710145115852356,0.6346420645713806,6.1130054,687031902.3253623,2.748127609,2004928,2701248,5322688,,,,,,,,,,,,,,,,,,,,,
G4_TINY_BASIS_L128,G4_TINY_BASIS,128,8,256,exhaustive,256,0.02959925600043789,all 256 seeds evaluated for every segment,8acd51aec92f2f5961bf955e3f2733debd25b9187d890872b842ec68de535eb9,1.0,SMALL_TILE_GENERATABLE,40960,8,16,0,0,0,0,24,122880,16,48,2048,124992,0.19072265625,0.025867120688737758,0.020313603503826792,0.06903094053268433,0.09485970437526703,0.40189459919929504,0.9785055285356312,0.20622058724268647,0.20622057845005867,0.9586426019668579,0.9601271152496338,0.9732974767684937,0.6689320802688599,0.3194673955440521,0.9778814315795898,0.9782400131225586,0.9924498200416565,0.20925018191337585,0.1039099395275116,0.9602791666984558,0.9630635976791382,0.9714384078979492,0.6139822006225586,0.412078320980072,5.804622173,723519368.1791162,2.894077473,2127808,2824128,5445568,,,,,,,,,,,,,,,,,,,,,
G4_TINY_BASIS_L256,G4_TINY_BASIS,256,8,256,exhaustive,256,0.014915616999132908,all 256 seeds evaluated for every segment,b5b0292c57152b5a199a82eca1c2446741b5243402a083387db3715659d35966,1.0,SMALL_TILE_GENERATABLE,20480,8,16,0,0,0,0,24,61440,16,48,2048,63552,0.09697265625,0.026152483814844137,0.020535945232659992,0.0698237419128418,0.09596653282642365,0.4070162773132324,0.9893002899586475,0.1458935786912395,0.14589357657493432,0.979641318321228,0.9805874228477478,0.9877938032150269,0.5381539463996887,0.20051933825016022,0.9882209300994873,0.9888371229171753,0.9981064200401306,0.15208059549331665,0.06817079335451126,0.9808169603347778,0.9811020493507385,0.9886482954025269,0.47170618176460266,0.20600470900535583,5.721450627,734070927.2189225,2.936283709,2189248,2885568,5507008,,,,,,,,,,,,,,,,,,,,,
IQ2_XS,,,,,,,,,,,,,,,,,,,,,,,,1515520,2.3125,0.008173772122152622,0.006370879312945022,0.022829055786132812,0.034853704273700714,0.15840518474578857,0.3091987433297505,0.9545571009013606,0.9545571211858763,0.07622016966342926,0.07481013238430023,0.09553788602352142,0.9976636171340942,0.9950239062309265,0.305717408657074,0.3071475625038147,0.32758358120918274,0.955703616142273,0.9477177262306213,0.08552981168031693,0.0894312635064125,0.10325761884450912,0.9968173503875732,0.9942722916603088,,,,,,,,,,,,,,,,,,,,canonical,256,74,True,functional-validation mean-square activation,True,True,f3102d10d92f1011a1ded6d196b50146d41b9e95af870da7f222e1a235c1c631
IQ3_XXS,,,,,,,,,,,,,,,,,,,,,,,,2007040,3.0625,0.0057079725329975545,0.004148971059362338,0.01861276663839817,0.028696203604340553,0.12109041213989258,0.21592208686370595,0.9779074495719408,0.9779074657848121,0.0550660640001297,0.05564046651124954,0.06789164245128632,0.9986706972122192,0.9973933696746826,0.2126762568950653,0.21682438254356384,0.2291053980588913,0.9786121845245361,0.9738489985466003,0.06197533756494522,0.06448420137166977,0.07421014457941055,0.9982652068138123,0.9971339106559753,,,,,,,,,,,,,,,,,,,,canonical,256,98,False,none,False,True,961757fb75792f47c134e4a1ccfac10cc44fe970f1fc9768dccf8e563c272dcd
Q3_K,,,,,,,,,,,,,,,,,,,,,,,,2252800,3.4375,0.0040507057244940255,0.0032978378568486733,0.0097808837890625,0.014966964721679688,0.051605224609375,0.15323073617598376,0.9883582173116127,0.9883596076049787,0.036015402525663376,0.037118345499038696,0.049137383699417114,0.99931401014328,0.9986262917518616,0.15160636603832245,0.1536290943622589,0.1635010540485382,0.9885579943656921,0.9858846664428711,0.04121002182364464,0.043733976781368256,0.05217433348298073,0.9991129040718079,0.9984920024871826,,,,,,,,,,,,,,,,,,,,canonical,256,110,False,none,False,True,8594b4541f0e8cd02c8fadb9cceb2813a51098f2d35df4845845fccc4cf4a03a
IQ4_XS,,,,,,,,,,,,,,,,,,,,,,,,2785280,4.25,0.0020627970813507928,0.0017009875389703665,0.004923760890960693,0.007266998291015625,0.022449493408203125,0.07803181392460562,0.9969565717594938,0.9969565721993661,0.018257899209856987,0.01897462084889412,0.02462836354970932,0.9998236298561096,0.9996253848075867,0.07702367007732391,0.07785367965698242,0.08245457708835602,0.9970240592956543,0.9964736700057983,0.02103962004184723,0.022983504459261894,0.026974517852067947,0.999768853187561,0.999618411064148,,,,,,,,,,,,,,,,,,,,canonical,256,136,False,none,False,True,a62eec18b1881c1737cfb938fc38056a1d3fda12cf3b604d081427b6a5fc4c05
Q4_K,,,,,,,,,,,,,,,,,,,,,,,,2949120,4.5,0.0019138531365594793,0.0015711053338804959,0.004453182220458984,0.0063928039744496346,0.018344879150390625,0.07239753884722293,0.997379217943147,0.997379261845057,0.017267046496272087,0.017596451565623283,0.022734979167580605,0.9998485445976257,0.9996557235717773,0.07136726379394531,0.07234707474708557,0.07639777660369873,0.9974459409713745,0.9966900944709778,0.019615288823843002,0.020761407911777496,0.02435734122991562,0.9998047947883606,0.9996597170829773,,,,,,,,,,,,,,,,,,,,canonical,256,144,False,none,False,True,de6ae73eba0f15f117f86bf471f27bb93f00a20aa9cfe379bc5961bc1b3d127d
