EVENT,PROCESS_START,9035676644,18253,18253,vbuf
EVENT,MODEL_OPEN_BEGIN,9035690091,18253,18253,vbuf
EVENT,FORMAT_OPEN_BEGIN,9035690218,18253,18253,
EVENT,FORMAT_OPEN_END,9036462208,18253,18253,
EVENT,MODEL_METADATA_BEGIN,9036462312,18253,18253,vbuf
EVENT,MODEL_METADATA_END,9036462847,18253,18253,vbuf
EVENT,TOKENIZER_BEGIN,9036462863,18253,18253,vbuf
EVENT,TOKENIZER_END,9036462873,18253,18253,vbuf
EVENT,TENSOR_ENUMERATION_BEGIN,9036462881,18253,18253,vbuf
EVENT,TENSOR_ENUMERATION_END,9036462987,18253,18253,vbuf
EVENT,MODEL_METADATA_BEGIN,9036464419,18253,18253,
EVENT,MODEL_METADATA_END,9036471510,18253,18253,
EVENT,TOKENIZER_BEGIN,9036472525,18253,18253,
EVENT,TOKENIZER_END,9037853805,18253,18253,
EVENT,TENSOR_ENUMERATION_END,9037880126,18253,18253,runtime
EVENT,BACKEND_BUFFER_ALLOCATION_BEGIN,9037880697,18253,18253,
EVENT,BACKEND_BUFFER_ALLOCATION_END,9037881177,18253,18253,
EVENT,PAYLOAD_MATERIALIZATION_BEGIN,9037881303,18253,18253,
REPACK,blk.0.ffn_down.weight,iq4_nl,iq4_nl_16x1,12607488,12607488,9070410621,9070625863,215242
REPACK,blk.1.ffn_down_exps.weight,iq4_nl,iq4_nl_16x1,103809024,103809024,9070626030,9072078810,1452780
REPACK,blk.1.ffn_down_shexp.weight,q2_K,q2_K_16x1,1892352,1892352,9072078966,9072107480,28514
REPACK,blk.2.ffn_down_exps.weight,iq4_nl,iq4_nl_16x1,103809024,103809024,9072107706,9073599978,1492272
REPACK,blk.3.ffn_down_exps.weight,iq4_nl,iq4_nl_16x1,103809024,103809024,9073600307,9075135628,1535321
REPACK,blk.4.ffn_down_exps.weight,iq4_nl,iq4_nl_16x1,103809024,103809024,9075135911,9076698059,1562148
REPACK,blk.5.ffn_down_exps.weight,iq4_nl,iq4_nl_16x1,103809024,103809024,9076698363,9078293460,1595097
REPACK,blk.6.ffn_down_exps.weight,iq4_nl,iq4_nl_16x1,103809024,103809024,9078293763,9079869186,1575423
REPACK,blk.7.ffn_down_exps.weight,iq4_nl,iq4_nl_16x1,103809024,103809024,9079869499,9081435554,1566055
REPACK,blk.8.ffn_down_exps.weight,iq4_nl,iq4_nl_16x1,103809024,103809024,9081435852,9082891387,1455535
REPACK,blk.9.ffn_down_exps.weight,iq4_nl,iq4_nl_16x1,103809024,103809024,9082891700,9084394750,1503050
REPACK,blk.10.ffn_down_exps.weight,iq4_nl,iq4_nl_16x1,103809024,103809024,9084394908,9085844147,1449239
REPACK,blk.11.ffn_down_exps.weight,iq4_nl,iq4_nl_16x1,103809024,103809024,9085844315,9087344912,1500597
REPACK,blk.12.ffn_down_exps.weight,iq4_nl,iq4_nl_16x1,103809024,103809024,9087345098,9089015332,1670234
REPACK,blk.13.ffn_down_exps.weight,iq4_nl,iq4_nl_16x1,103809024,103809024,9089015531,9090884253,1868722
REPACK,blk.14.ffn_down_exps.weight,iq4_nl,iq4_nl_16x1,103809024,103809024,9090884451,9092450384,1565933
REPACK,blk.15.ffn_down_exps.weight,iq4_nl,iq4_nl_16x1,103809024,103809024,9092450570,9093949378,1498808
REPACK,blk.16.ffn_down_exps.weight,iq4_nl,iq4_nl_16x1,103809024,103809024,9093949582,9095752356,1802774
REPACK,blk.17.ffn_down_exps.weight,iq4_nl,iq4_nl_16x1,103809024,103809024,9095759879,9097426148,1666269
REPACK,blk.18.ffn_down_exps.weight,iq4_nl,iq4_nl_16x1,103809024,103809024,9097426438,9099076477,1650039
REPACK,blk.19.ffn_down_exps.weight,iq4_nl,iq4_nl_16x1,103809024,103809024,9099076688,9100725519,1648831
REPACK,blk.20.ffn_down_exps.weight,iq4_nl,iq4_nl_16x1,103809024,103809024,9100725739,9102370537,1644798
REPACK,blk.21.ffn_down_exps.weight,iq4_nl,iq4_nl_16x1,103809024,103809024,9102370763,9104022011,1651248
REPACK,blk.22.ffn_down_exps.weight,iq4_nl,iq4_nl_16x1,103809024,103809024,9104022272,9105633992,1611720
REPACK,blk.23.ffn_down_exps.weight,iq4_nl,iq4_nl_16x1,103809024,103809024,9105634231,9107268641,1634410
REPACK,blk.24.ffn_down_exps.weight,iq4_nl,iq4_nl_16x1,103809024,103809024,9107268886,9108884598,1615712
REPACK,blk.25.ffn_down_exps.weight,iq4_nl,iq4_nl_16x1,103809024,103809024,9108885339,9110496119,1610780
REPACK,blk.26.ffn_down_exps.weight,iq4_nl,iq4_nl_16x1,103809024,103809024,9110496387,9112097147,1600760
EVENT,PAYLOAD_MATERIALIZATION_END,9112099969,18253,18253,
EVENT,MODEL_OPEN_END,9112117060,18253,18253,success
EVENT,CONTEXT_CREATE_BEGIN,9112150800,18253,18253,
EVENT,GRAPH_RESERVE_BEGIN,9112282406,18253,18253,
EVENT,GRAPH_RESERVE_END,9112413614,18253,18253,
EVENT,CONTEXT_CREATE_END,9112414397,18253,18253,success
EVENT,EXECUTION_READY,9112414485,18253,18253,
EVENT,PROMPT_EVAL_BEGIN,9112414502,18253,18253,
EVENT,PROMPT_EVAL_END,9113513640,18253,18253,success
EVENT,FIRST_DECODE_BEGIN,9113514426,18253,18253,
EVENT,FIRST_DECODE_END,9113886083,18253,18253,success
EVENT,FIRST_TOKEN,9113886194,18253,18253,
EVENT,RUN_END,9114657632,18253,18253,success
