EVENT,PROCESS_START,12097242103,25557,25557,vbuf
EVENT,MODEL_OPEN_BEGIN,12097255770,25557,25557,vbuf
EVENT,FORMAT_OPEN_BEGIN,12097255897,25557,25557,
EVENT,FORMAT_OPEN_END,12098008506,25557,25557,
EVENT,MODEL_METADATA_BEGIN,12098008610,25557,25557,vbuf
EVENT,MODEL_METADATA_END,12098009129,25557,25557,vbuf
EVENT,TOKENIZER_BEGIN,12098009145,25557,25557,vbuf
EVENT,TOKENIZER_END,12098009157,25557,25557,vbuf
EVENT,TENSOR_ENUMERATION_BEGIN,12098009165,25557,25557,vbuf
EVENT,TENSOR_ENUMERATION_END,12098009279,25557,25557,vbuf
EVENT,MODEL_METADATA_BEGIN,12098010588,25557,25557,
EVENT,MODEL_METADATA_END,12098017783,25557,25557,
EVENT,TOKENIZER_BEGIN,12098018817,25557,25557,
EVENT,TOKENIZER_END,12099382222,25557,25557,
EVENT,TENSOR_ENUMERATION_BEGIN,12099382881,25557,25557,runtime
EVENT,TENSOR_ENUMERATION_END,12099408925,25557,25557,runtime
EVENT,MODEL_STRUCTURE_READY,12099408956,25557,25557,
EVENT,BACKEND_BUFFER_ALLOCATION_BEGIN,12099409480,25557,25557,
EVENT,BACKEND_BUFFER_ALLOCATION_END,12099409963,25557,25557,
EVENT,PAYLOAD_MATERIALIZATION_BEGIN,12099410086,25557,25557,
REPACK,blk.0.ffn_down.weight,iq4_nl,iq4_nl_16x1,12607488,12607488,12129698870,12129862649,163779
REPACK,blk.1.ffn_down_exps.weight,iq4_nl,iq4_nl_16x1,103809024,103809024,12129862809,12131084935,1222126
REPACK,blk.1.ffn_down_shexp.weight,q2_K,q2_K_16x1,1892352,1892352,12131085082,12131110050,24968
REPACK,blk.2.ffn_down_exps.weight,iq4_nl,iq4_nl_16x1,103809024,103809024,12131110283,12132336933,1226650
REPACK,blk.3.ffn_down_exps.weight,iq4_nl,iq4_nl_16x1,103809024,103809024,12132337203,12133779863,1442660
REPACK,blk.4.ffn_down_exps.weight,iq4_nl,iq4_nl_16x1,103809024,103809024,12133780211,12135281308,1501097
REPACK,blk.5.ffn_down_exps.weight,iq4_nl,iq4_nl_16x1,103809024,103809024,12135281609,12136813112,1531503
REPACK,blk.6.ffn_down_exps.weight,iq4_nl,iq4_nl_16x1,103809024,103809024,12136813404,12138281070,1467666
REPACK,blk.7.ffn_down_exps.weight,iq4_nl,iq4_nl_16x1,103809024,103809024,12138281374,12139788532,1507158
REPACK,blk.8.ffn_down_exps.weight,iq4_nl,iq4_nl_16x1,103809024,103809024,12139788835,12141333816,1544981
REPACK,blk.9.ffn_down_exps.weight,iq4_nl,iq4_nl_16x1,103809024,103809024,12141334145,12142962689,1628544
REPACK,blk.10.ffn_down_exps.weight,iq4_nl,iq4_nl_16x1,103809024,103809024,12142962847,12144528754,1565907
REPACK,blk.11.ffn_down_exps.weight,iq4_nl,iq4_nl_16x1,103809024,103809024,12144528944,12146137297,1608353
REPACK,blk.12.ffn_down_exps.weight,iq4_nl,iq4_nl_16x1,103809024,103809024,12146137465,12147712847,1575382
REPACK,blk.13.ffn_down_exps.weight,iq4_nl,iq4_nl_16x1,103809024,103809024,12147713039,12149281119,1568080
REPACK,blk.14.ffn_down_exps.weight,iq4_nl,iq4_nl_16x1,103809024,103809024,12149281292,12150877348,1596056
REPACK,blk.15.ffn_down_exps.weight,iq4_nl,iq4_nl_16x1,103809024,103809024,12150877545,12152463072,1585527
REPACK,blk.16.ffn_down_exps.weight,iq4_nl,iq4_nl_16x1,103809024,103809024,12152463257,12154111592,1648335
REPACK,blk.17.ffn_down_exps.weight,iq4_nl,iq4_nl_16x1,103809024,103809024,12154111992,12155644462,1532470
REPACK,blk.18.ffn_down_exps.weight,iq4_nl,iq4_nl_16x1,103809024,103809024,12155644781,12157280907,1636126
REPACK,blk.19.ffn_down_exps.weight,iq4_nl,iq4_nl_16x1,103809024,103809024,12157281142,12159005637,1724495
REPACK,blk.20.ffn_down_exps.weight,iq4_nl,iq4_nl_16x1,103809024,103809024,12159005852,12160659891,1654039
REPACK,blk.21.ffn_down_exps.weight,iq4_nl,iq4_nl_16x1,103809024,103809024,12160660197,12162319657,1659460
REPACK,blk.22.ffn_down_exps.weight,iq4_nl,iq4_nl_16x1,103809024,103809024,12162319887,12163947519,1627632
REPACK,blk.23.ffn_down_exps.weight,iq4_nl,iq4_nl_16x1,103809024,103809024,12163947759,12165597793,1650034
REPACK,blk.24.ffn_down_exps.weight,iq4_nl,iq4_nl_16x1,103809024,103809024,12165598040,12167223326,1625286
REPACK,blk.25.ffn_down_exps.weight,iq4_nl,iq4_nl_16x1,103809024,103809024,12167224568,12168863669,1639101
REPACK,blk.26.ffn_down_exps.weight,iq4_nl,iq4_nl_16x1,103809024,103809024,12168863925,12170698153,1834228
EVENT,PAYLOAD_MATERIALIZATION_END,12170703190,25557,25557,
EVENT,MODEL_OPEN_END,12170726526,25557,25557,success
EVENT,CONTEXT_CREATE_BEGIN,12170757343,25557,25557,
EVENT,GRAPH_RESERVE_BEGIN,12170888344,25557,25557,
EVENT,GRAPH_RESERVE_END,12171028248,25557,25557,
EVENT,CONTEXT_CREATE_END,12171029050,25557,25557,success
EVENT,EXECUTION_READY,12171029071,25557,25557,
EVENT,PROMPT_EVAL_BEGIN,12171029083,25557,25557,
EVENT,PROMPT_EVAL_END,12172156862,25557,25557,success
EVENT,FIRST_DECODE_BEGIN,12172157651,25557,25557,
EVENT,FIRST_DECODE_END,12172536583,25557,25557,success
EVENT,FIRST_TOKEN,12172536903,25557,25557,
EVENT,RUN_END,12173269375,25557,25557,success
