elapsed_us,pid,rss_bytes,vsize_bytes,process_utime_ticks,process_stime_ticks,minor_faults,major_faults,read_bytes,syscr,system_user_ticks,system_ticks,system_idle_ticks,system_iowait_ticks,available_bytes,thread_count,thread_delta_ticks
6462,20639,1966080,11116544,0,0,89,0,0,15,1956063,298361,6489687,19290,7813120000,1,20639:0
112360,20639,8126464,5005643776,1,2,342,35,4653056,17,1956065,298364,6489759,19297,7816273920,1,20639:3
217554,20639,10878976,5005643776,1,3,345,78,10289152,17,1956066,298369,6489828,19306,7815991296,1,20639:1
322753,20639,13631488,5005643776,1,5,347,121,15925248,17,1956066,298372,6489900,19315,7815897088,1,20639:2
427887,20639,16515072,5005643776,1,6,349,164,21561344,17,1956066,298374,6489972,19324,7815872512,1,20639:1
532988,20639,19398656,5005643776,1,7,354,208,27262976,17,1956067,298376,6490044,19333,7815643136,1,20639:1
638267,20639,22937600,5005643776,1,9,367,251,32899072,17,1956067,298379,6490116,19342,7815872512,1,20639:2
743404,20639,27131904,5005643776,2,11,410,296,38428672,17,1956068,298382,6490188,19348,7815303168,1,20639:3
848640,20639,33161216,5009047552,11,12,1491,313,39370752,17,1956077,298384,6490262,19349,7810744320,1,20639:10
954815,20639,36061184,5011996672,20,13,2334,313,39370752,17,1956087,298385,6490336,19349,7807905792,1,20639:10
1060240,20639,39206912,5015105536,31,13,3105,313,39370752,17,1956098,298385,6490409,19349,7804809216,1,20639:11
1165643,20639,41652224,5017427968,41,13,3854,313,39370752,17,1956109,298385,6490482,19349,7802486784,1,20639:11
1271135,20639,49123328,5024952320,51,15,5692,313,39370752,17,1956118,298387,6490555,19349,7795003392,1,20639:11
1376454,20639,52531200,5028315136,60,16,6501,313,39370752,17,1956128,298388,6490628,19349,7791648768,1,20639:10
1481962,20639,55414784,5030916096,70,16,7125,313,39370752,17,1956138,298389,6490701,19349,7789338624,1,20639:10
1587326,20639,55414784,5030916096,81,16,7125,313,39370752,17,1956149,298389,6490774,19349,7789338624,1,20639:11
1692342,20639,55414784,5030916096,91,16,7125,313,39370752,17,1956161,298391,6490845,19349,7789363200,1,20639:10
1798468,20639,55414784,5030916096,102,16,7125,313,39370752,17,1956172,298391,6490918,19349,7789363200,1,20639:11
1903698,20639,55414784,5030916096,112,16,7125,313,39370752,17,1956183,298391,6490990,19349,7789363200,1,20639:10
2008997,20639,58691584,5034196992,122,16,7936,313,39370752,17,1956194,298392,6491064,19349,7786008576,1,20639:10
2114006,20639,58691584,5034196992,133,16,7944,313,39370752,17,1956204,298392,6491136,19349,7786008576,1,20639:11
2218920,20639,61706240,10029912064,142,17,8345,324,40849408,17,1956213,298393,6491211,19349,7784046592,1,20639:10
2325003,20639,76124160,10029912064,142,22,10215,379,48189440,17,1956214,298398,6491290,19349,7776763904,1,20639:5
2430973,20639,90804224,10029912064,142,26,12085,434,55398400,17,1956214,298402,6491369,19349,7769542656,1,20639:4
2536774,20639,104960000,10029912064,142,30,13955,489,62607360,17,1956214,298408,6491449,19349,7762579456,1,20639:4
2642747,20639,119377920,10029912064,142,34,15825,544,69816320,17,1956216,298410,6491528,19349,7755038720,1,20639:4
2748759,20639,133795840,10029912064,142,38,17695,599,77025280,17,1956216,298414,6491608,19349,7747817472,1,20639:4
2854831,20639,148475904,10029912064,143,42,19599,655,84234240,17,1956216,298418,6491688,19349,7740452864,1,20639:5
2961049,20639,162893824,10029912064,143,46,21462,710,91443200,17,1956218,298422,6491767,19349,7733231616,1,20639:4
3067292,20639,177311744,10029912064,144,49,23339,765,98783232,17,1956219,298425,6491847,19349,7725948928,1,20639:4
3173190,20639,191729664,10029912064,145,52,25209,820,105992192,17,1956220,298430,6491926,19349,7718727680,1,20639:4
3278796,20639,206671872,10029912064,145,56,27113,876,113070080,17,1956220,298434,6492003,19349,7711510528,1,20639:4
3385188,20639,221089792,10029912064,146,59,29011,931,120410112,17,1956222,298438,6492083,19349,7704227840,1,20639:4
3491107,20639,235507712,10029912064,147,63,30881,986,127619072,17,1956223,298441,6492162,19349,7697006592,1,20639:5
3597074,20639,250187776,10029912064,147,67,32785,1042,134959104,17,1956224,298445,6492242,19349,7689383936,1,20639:4
3703171,20639,264605696,10029912064,147,71,34627,1097,142036992,17,1956224,298449,6492321,19349,7682162688,1,20639:4
3809413,20639,279023616,10029912064,148,74,36525,1152,149377024,17,1956225,298452,6492401,19349,7674621952,1,20639:4
3915471,20639,293441536,10029912064,149,77,38395,1207,156585984,17,1956226,298456,6492480,19349,7667400704,1,20639:4
4021495,20639,308121600,10029912064,149,82,40299,1263,163926016,17,1956226,298460,6492560,19349,7660036096,1,20639:5
4127776,20639,322539520,10029912064,149,85,42169,1318,171134976,17,1956227,298464,6492640,19349,7653011456,1,20639:3
4233715,20639,336957440,10029912064,150,89,44039,1373,178343936,17,1956227,298467,6492719,19349,7645790208,1,20639:5
4339551,20639,351637504,10029912064,150,93,45909,1428,185552896,17,1956228,298472,6492799,19349,7638568960,1,20639:4
4445597,20639,366055424,10029912064,151,96,47813,1484,192892928,17,1956229,298474,6492879,19349,7631204352,1,20639:4
4551552,20639,380473344,10029912064,151,100,49683,1539,200101888,17,1956230,298478,6492958,19349,7623663616,1,20639:4
4657370,20639,394891264,10029912064,151,104,51553,1594,207310848,17,1956230,298483,6493038,19349,7616442368,1,20639:4
4763205,20639,409309184,10029912064,151,108,53423,1649,214519808,17,1956231,298489,6493115,19349,7609221120,1,20639:4
4869300,20639,423989248,10029912064,151,112,55327,1705,221859840,17,1956232,298492,6493195,19349,7601856512,1,20639:4
4975442,20639,438669312,10029912064,151,115,57231,1761,229068800,17,1956233,298495,6493275,19349,7594491904,1,20639:3
5081432,20639,453087232,10029912064,152,119,59101,1816,236408832,17,1956234,298499,6493354,19349,7587467264,1,20639:5
5187301,20639,467505152,10029912064,152,123,60971,1871,243617792,17,1956234,298504,6493434,19349,7580246016,1,20639:4
5293280,20639,482185216,10029912064,152,127,62875,1927,250957824,17,1956234,298508,6493514,19349,7572881408,1,20639:4
5399505,20639,496996352,10029912064,152,131,64826,1987,257818624,17,1956236,298512,6493593,19350,7565262848,1,20639:4
5505359,20639,512462848,10029912064,153,134,66838,2048,264953856,17,1956237,298514,6493672,19350,7557451776,1,20639:4
5611369,20639,527273984,10029912064,153,137,68815,2108,272347136,17,1956238,298517,6493752,19350,7549648896,1,20639:3
5717555,20639,542216192,10029912064,155,140,70753,2165,279818240,17,1956239,298520,6493831,19350,7542140928,1,20639:5
5823377,20639,557158400,10029912064,155,144,72691,2222,287289344,17,1956240,298524,6493911,19350,7534518272,1,20639:4
5929321,20639,572362752,10029912064,155,148,74636,2280,294760448,17,1956241,298528,6493991,19350,7526981632,1,20639:4
6035724,20639,587436032,10029912064,156,151,76600,2337,302231552,17,1956242,298531,6494071,19350,7519526912,1,20639:4
6141963,20639,602378240,10029912064,156,155,78559,2395,309833728,17,1956243,298535,6494151,19350,7512018944,1,20639:4
6248248,20639,617582592,10029912064,156,159,80514,2453,317304832,17,1956244,298542,6494228,19350,7504252928,1,20639:4
6353761,20639,632524800,10029912064,157,162,82450,2510,324907008,17,1956246,298545,6494307,19350,7496921088,1,20639:5
6460249,20639,647467008,10029912064,157,166,84420,2567,332378112,17,1956246,298549,6494386,19350,7489413120,1,20639:3
6566220,20639,662671360,10029912064,158,170,86396,2625,339456000,17,1956247,298552,6494466,19350,7481516032,1,20639:5
6672397,20639,677613568,10029912064,158,173,88383,2687,346640384,17,1956248,298556,6494545,19351,7473979392,1,20639:4
6778210,20639,692293632,10029912064,158,177,90287,2743,353980416,17,1956248,298559,6494625,19351,7466614784,1,20639:3
6884287,20639,706711552,10029912064,158,181,92157,2798,361189376,17,1956249,298563,6494705,19351,7459393536,1,20639:4
6990152,20639,721129472,10029912064,158,185,94027,2853,368398336,17,1956249,298568,6494785,19351,7452110848,1,20639:4
7096119,20639,735547392,10029912064,159,188,95897,2908,375607296,17,1956250,298571,6494865,19351,7444889600,1,20639:4
7201940,20639,750489600,10029912064,159,191,97834,2965,382947328,17,1956252,298575,6494944,19351,7437516800,1,20639:3
7308074,20639,765169664,10029912064,160,195,99704,3020,390156288,17,1956253,298578,6495024,19351,7430295552,1,20639:5
7413954,20639,779587584,10029912064,160,199,101608,3076,397496320,17,1956253,298582,6495104,19351,7422930944,1,20639:4
7519877,20639,794267648,10029912064,161,201,103512,3132,404836352,17,1956255,298585,6495184,19351,7415308288,1,20639:3
7626061,20639,808947712,10029912064,162,204,105416,3188,412176384,17,1956256,298588,6495264,19351,7407943680,1,20639:4
7731938,20639,824283136,10029912064,162,208,107437,3249,419000320,17,1956257,298594,6495343,19352,7400288256,1,20639:4
7838030,20639,838832128,10029912064,162,211,109321,3308,426127360,17,1956260,298599,6495419,19352,7392571392,1,20639:3
7944304,20639,853512192,10029912064,163,214,111136,3363,433418240,17,1956260,298601,6495500,19352,7385288704,1,20639:4
8050432,20639,867930112,10029912064,163,218,112966,3419,440627200,17,1956261,298604,6495580,19352,7378182144,1,20639:4
8156714,20639,882610176,10029912064,163,221,114832,3475,448098304,17,1956262,298608,6495660,19352,7370817536,1,20639:3
8262802,20639,897028096,10029912064,164,224,116647,3530,455307264,17,1956263,298611,6495740,19352,7363596288,1,20639:4
8368784,20639,911577088,10029912064,164,227,118491,3586,462385152,17,1956264,298614,6495820,19352,7356305408,1,20639:3
8474935,20639,925995008,10029912064,165,230,120310,3641,469725184,17,1956265,298616,6495900,19352,7349084160,1,20639:4
8580960,20639,940675072,10029912064,165,234,122125,3696,476934144,17,1956266,298620,6495981,19352,7341346816,1,20639:4
8687277,20639,955092992,10029912064,166,236,123973,3752,484274176,17,1956267,298622,6496061,19352,7334240256,1,20639:3
8793344,20639,969510912,10029912064,166,240,125788,3807,491483136,17,1956268,298626,6496141,19352,7326957568,1,20639:4
8899167,20639,984977408,10029912064,167,243,127818,3871,498225152,17,1956268,298629,6496220,19353,7319011328,1,20639:4
9004922,20639,999657472,10029912064,168,246,129688,3927,505434112,17,1956270,298631,6496300,19353,7311904768,1,20639:4
9111271,20639,1014337536,10029912064,168,249,131626,3983,512905216,17,1956270,298636,6496380,19353,7304540160,1,20639:3
9217056,20639,1029017600,10029912064,169,252,133530,4039,520245248,17,1956272,298638,6496460,19353,7297175552,1,20639:4
9323161,20639,1043697664,10029912064,170,255,135400,4094,527454208,17,1956274,298643,6496537,19353,7289810944,1,20639:4
9429431,20639,1058246656,10029912064,170,258,137337,4151,534794240,17,1956276,298646,6496617,19353,7282581504,1,20639:3
9535623,20639,1072926720,10029912064,171,262,139241,4207,542134272,17,1956277,298649,6496697,19353,7274897408,1,20639:5
9641574,20639,1087606784,10029912064,172,264,141111,4262,549343232,17,1956278,298653,6496778,19353,7267532800,1,20639:3
9747920,20639,1102024704,10029912064,173,267,143015,4318,556683264,17,1956280,298655,6496858,19353,7260311552,1,20639:4
9853857,20639,1116704768,10029912064,174,270,144885,4373,563892224,17,1956281,298658,6496938,19353,7253090304,1,20639:4
9959873,20639,1131384832,10029912064,174,273,146841,4431,571232256,17,1956282,298662,6497018,19353,7245443072,1,20639:3
10065742,20639,1146327040,10029912064,175,276,148833,4493,577974272,17,1956282,298663,6497097,19354,7237718016,1,20639:4
10171715,20639,1160876032,10029912064,175,279,150703,4548,585183232,17,1956283,298668,6497177,19354,7230496768,1,20639:3
10277733,20639,1175162880,10029912064,176,282,152573,4603,592392192,17,1956284,298670,6497257,19354,7223533568,1,20639:4
10383599,20639,1189711872,10029912064,176,286,154443,4658,599601152,17,1956285,298674,6497337,19354,7216250880,1,20639:4
10489644,20639,1204260864,10029912064,177,289,156347,4714,606941184,17,1956286,298676,6497417,19354,7208886272,1,20639:4
10595646,20639,1218809856,10029912064,177,292,158216,4769,614019072,17,1956286,298680,6497497,19354,7201284096,1,20639:3
10701552,20639,1232965632,10029912064,178,295,160086,4824,621228032,17,1956288,298683,6497577,19354,7194259456,1,20639:4
10807445,20639,1247383552,10029912064,179,298,161956,4879,628436992,17,1956289,298685,6497657,19354,7187038208,1,20639:4
10913381,20639,1262063616,10029912064,180,301,163860,4935,635777024,17,1956291,298690,6497734,19354,7179673600,1,20639:4
11019540,20639,1276481536,10029912064,181,303,165730,4990,642985984,17,1956293,298693,6497814,19354,7172452352,1,20639:3
11125432,20639,1291685888,10029912064,181,307,167725,5049,650010624,17,1956294,298698,6497893,19354,7164522496,1,20639:4
11231544,20639,1306759168,10029912064,181,311,169713,5111,657199104,17,1956295,298701,6497973,19355,7156998144,1,20639:4
11337724,20639,1321439232,10029912064,182,314,171583,5166,664408064,17,1956296,298705,6498053,19355,7149633536,1,20639:4
11444161,20639,1336119296,10029912064,183,316,173497,5223,671748096,17,1956297,298708,6498133,19355,7142207488,1,20639:3
11550391,20639,1350799360,10029912064,184,319,175391,5278,679088128,17,1956298,298710,6498214,19355,7134842880,1,20639:4
11656734,20639,1365217280,10029912064,185,322,177295,5334,686428160,17,1956300,298713,6498294,19355,7127621632,1,20639:4
11762820,20639,1379897344,10029912064,185,325,179198,5390,693637120,17,1956302,298717,6498374,19355,7119990784,1,20639:3
11869227,20639,1394708480,10029912064,186,328,181136,5447,701108224,17,1956303,298720,6498454,19355,7112626176,1,20639:4
11975100,20639,1409388544,10029912064,187,330,183040,5503,708448256,17,1956304,298722,6498534,19355,7105261568,1,20639:4
12081225,20639,1424068608,10029912064,188,334,184910,5558,715657216,17,1956306,298725,6498614,19355,7098155008,1,20639:4
12187697,20639,1438879744,10029912064,188,337,186848,5615,723128320,17,1956306,298729,6498694,19355,7090790400,1,20639:3
12293574,20639,1454084096,10029912064,189,340,188852,5676,729948160,17,1956307,298731,6498774,19356,7082737664,1,20639:4
12400127,20639,1468633088,10029912064,190,343,190760,5734,737075200,17,1956309,298736,6498850,19356,7075565568,1,20639:4
12506104,20639,1483051008,10029912064,191,346,192662,5790,744284160,17,1956310,298739,6498931,19356,7068200960,1,20639:4
12612411,20639,1497468928,10029912064,191,349,194534,5845,751624192,17,1956312,298742,6499011,19356,7060979712,1,20639:3
12718498,20639,1512148992,10029912064,192,352,196404,5900,758964224,17,1956313,298745,6499091,19356,7053357056,1,20639:4
12824970,20639,1526829056,10029912064,192,356,198308,5956,766173184,17,1956313,298749,6499172,19356,7046074368,1,20639:4
12931147,20639,1541246976,10029912064,193,358,200211,6012,773382144,17,1956314,298751,6499251,19356,7038844928,1,20639:3
13037076,20639,1555927040,10029912064,193,362,202081,6067,780591104,17,1956315,298754,6499332,19356,7031365632,1,20639:4
13143400,20639,1570344960,10029912064,194,365,203985,6123,787931136,17,1956316,298758,6499412,19356,7024259072,1,20639:4
13249369,20639,1584762880,10029912064,194,369,205855,6178,795140096,17,1956317,298762,6499492,19356,7016976384,1,20639:4
13355291,20639,1599180800,10029912064,194,372,207725,6233,802349056,17,1956318,298766,6499572,19356,7010013184,1,20639:3
13461223,20639,1614778368,10029912064,194,376,209802,6298,809091072,17,1956319,298770,6499651,19357,7001923584,1,20639:4
13567552,20639,1629720576,10029912064,195,378,211743,6355,816693248,17,1956320,298772,6499731,19357,6994415616,1,20639:3
13673495,20639,1644924928,10029912064,195,382,213715,6413,824295424,17,1956321,298776,6499811,19357,6986567680,1,20639:4
13779484,20639,1660129280,10029912064,196,385,215653,6470,831766528,17,1956322,298780,6499891,19357,6978801664,1,20639:4
13885699,20639,1675071488,10029912064,196,388,217625,6528,839237632,17,1956324,298783,6499970,19357,6971408384,1,20639:3
13991141,20639,1690144768,10029912064,197,391,219562,6585,846708736,17,1956325,298787,6500048,19357,6963953664,1,20639:4
14097542,20639,1705349120,10029912064,198,394,221534,6643,854310912,17,1956326,298790,6500128,19357,6956302336,1,20639:4
14203853,20639,1720291328,10029912064,199,396,223506,6701,861913088,17,1956327,298793,6500208,19357,6948794368,1,20639:3
14309875,20639,1735495680,10029912064,200,399,225444,6758,869384192,17,1956328,298796,6500288,19357,6941204480,1,20639:4
14416298,20639,1750437888,10029912064,200,403,227416,6816,876986368,17,1956328,298800,6500369,19357,6933696512,1,20639:4
14522382,20639,1765773312,10029912064,201,406,229425,6876,884068352,17,1956330,298804,6500448,19358,6925881344,1,20639:4
14628756,20639,1780846592,10029912064,201,410,231431,6938,891330560,17,1956330,298811,6500528,19358,6918098944,1,20639:4
14734647,20639,1795395584,10029912064,201,413,233301,6993,898539520,17,1956331,298813,6500608,19358,6910619648,1,20639:3
14840555,20639,1809944576,10029912064,203,415,235195,7049,905748480,17,1956333,298816,6500688,19358,6903513088,1,20639:4
14946627,20639,1824362496,10029912064,203,418,237075,7104,913088512,17,1956334,298819,6500768,19358,6896230400,1,20639:3
15052679,20639,1839042560,10029912064,203,422,238979,7160,920297472,17,1956334,298822,6500849,19358,6888865792,1,20639:4
15158684,20639,1853722624,10029912064,204,424,240848,7215,927506432,17,1956336,298825,6500929,19358,6881521664,1,20639:3
15264775,20639,1868140544,10029912064,204,428,242752,7271,934715392,17,1956336,298829,6501009,19358,6874415104,1,20639:4
15370779,20639,1882558464,10029912064,205,431,244622,7326,941924352,17,1956337,298832,6501089,19358,6867132416,1,20639:4
15476955,20639,1897238528,10029912064,205,434,246526,7382,949395456,17,1956338,298839,6501166,19358,6859767808,1,20639:3
15582862,20639,1911656448,10029912064,205,438,248396,7437,956604416,17,1956339,298842,6501246,19358,6852546560,1,20639:4
15688739,20639,1927122944,10029912064,206,440,250426,7500,963346432,17,1956339,298843,6501326,19359,6844313600,1,20639:3
15794886,20639,1942065152,10029912064,206,443,252391,7559,970948608,17,1956340,298846,6501406,19359,6836690944,1,20639:3
15900888,20639,1957269504,10029912064,207,446,254329,7616,978419712,17,1956342,298848,6501486,19359,6829101056,1,20639:4
16007312,20639,1972473856,10029912064,208,449,256301,7674,986021888,17,1956344,298851,6501566,19359,6821449728,1,20639:4
16113554,20639,1987416064,10029912064,208,452,258273,7732,993624064,17,1956344,298854,6501646,19359,6813941760,1,20639:5
16219450,20639,2002489344,10029912064,209,455,260244,7790,1001095168,17,1956345,298856,6501726,19359,6806487040,1,20639:2
16325272,20639,2017693696,10029912064,209,459,262182,7847,1008566272,17,1956346,298860,6501806,19359,6798835712,1,20639:4
16431637,20639,2032898048,10029912064,210,462,264170,7906,1016168448,17,1956348,298863,6501886,19359,6791245824,1,20639:4
16537924,20639,2048102400,10029912064,212,464,266126,7963,1023770624,17,1956349,298866,6501967,19359,6783479808,1,20639:4
16644334,20639,2063044608,10029912064,212,468,268098,8021,1031372800,17,1956349,298870,6502047,19359,6775828480,1,20639:4
16750276,20639,2078380032,10029912064,212,472,270093,8080,1038528512,17,1956349,298874,6502126,19360,6768025600,1,20639:4
16856427,20639,2093715456,10029912064,212,475,272115,8143,1045716992,17,1956350,298877,6502206,19360,6760488960,1,20639:3
16962444,20639,2108133376,10029912064,212,478,273985,8198,1052794880,17,1956351,298882,6502283,19360,6753267712,1,20639:3
17068341,20639,2122551296,10029912064,213,481,275855,8253,1060134912,17,1956353,298884,6502363,19360,6746046464,1,20639:4
17174238,20639,2136969216,10029912064,213,485,277725,8308,1067343872,17,1956353,298887,6502443,19360,6738763776,1,20639:4
17280139,20639,2151649280,10029912064,214,488,279629,8364,1074683904,17,1956354,298891,6502523,19360,6731284480,1,20639:4
17385987,20639,2166198272,10029912064,215,491,281532,8420,1081761792,17,1956356,298894,6502603,19360,6724169728,1,20639:4
17492263,20639,2180747264,10029912064,215,494,283402,8475,1089101824,17,1956357,298897,6502683,19360,6716948480,1,20639:3
17598315,20639,2195296256,10029912064,216,497,285272,8530,1096310784,17,1956358,298900,6502763,19360,6709407744,1,20639:4
17704516,20639,2209976320,10029912064,217,499,287176,8586,1103650816,17,1956359,298902,6502844,19360,6701961216,1,20639:3
17810850,20639,2224394240,10029912064,217,503,289080,8642,1110859776,17,1956360,298906,6502924,19360,6694678528,1,20639:4
17917015,20639,2239729664,10029912064,218,506,291107,8703,1117810688,17,1956360,298910,6503003,19361,6686830592,1,20639:4
18023097,20639,2254278656,10029912064,218,509,292994,8761,1124937728,17,1956362,298912,6503083,19361,6679453696,1,20639:3
18128976,20639,2268696576,10029912064,219,512,294864,8816,1132146688,17,1956363,298915,6503163,19361,6672232448,1,20639:4
18234981,20639,2283376640,10029912064,219,515,296768,8872,1139486720,17,1956364,298918,6503243,19361,6665125888,1,20639:3
18340866,20639,2297532416,10029912064,220,519,298638,8927,1146695680,17,1956365,298922,6503323,19361,6657904640,1,20639:5
18446771,20639,2312212480,10029912064,220,522,300508,8982,1153904640,17,1956366,298924,6503403,19361,6650540032,1,20639:3
18553009,20639,2326630400,10029912064,221,524,302411,9038,1161113600,17,1956368,298929,6503480,19361,6643392512,1,20639:4
18658846,20639,2341310464,10029912064,222,527,304315,9094,1168322560,17,1956369,298931,6503560,19361,6636027904,1,20639:3
18764914,20639,2355728384,10029912064,222,531,306172,9149,1175531520,17,1956370,298935,6503641,19361,6628548608,1,20639:4
18871171,20639,2370146304,10029912064,222,534,308055,9204,1182871552,17,1956370,298938,6503721,19361,6621265920,1,20639:3
18977168,20639,2384564224,10029912064,223,537,309925,9259,1189949440,17,1956372,298941,6503801,19361,6614044672,1,20639:4
19083161,20639,2400030720,10029912064,224,540,312004,9324,1196822528,17,1956372,298943,6503880,19362,6605840384,1,20639:4
19189114,20639,2414710784,10029912064,224,543,313908,9380,1204293632,17,1956373,298946,6503960,19362,6598590464,1,20639:3
19294919,20639,2429390848,10029912064,224,546,315778,9435,1211502592,17,1956374,298950,6504041,19362,6591225856,1,20639:3
19401216,20639,2443808768,10029912064,225,549,317682,9491,1218842624,17,1956375,298953,6504121,19362,6584262656,1,20639:4
19507103,20639,2458488832,10029912064,225,553,319559,9547,1226051584,17,1956375,298956,6504201,19362,6576898048,1,20639:4
19613334,20639,2473168896,10029912064,225,556,321489,9603,1233391616,17,1956376,298960,6504281,19362,6569349120,1,20639:3
19719194,20639,2487586816,10029912064,226,559,323359,9658,1240600576,17,1956377,298963,6504361,19362,6561869824,1,20639:4
19825158,20639,2502004736,10029912064,226,562,325229,9713,1247809536,17,1956378,298968,6504441,19362,6554906624,1,20639:3
19930975,20639,2516422656,10029912064,226,566,327099,9768,1255018496,17,1956378,298971,6504521,19362,6547623936,1,20639:4
20036700,20639,2531364864,10029912064,226,569,329003,9824,1262358528,17,1956380,298976,6504598,19362,6540001280,1,20639:3
20142880,20639,2545913856,10029912064,226,573,330912,9880,1269567488,17,1956380,298980,6504678,19362,6532673536,1,20639:4
20249436,20639,2561118208,10029912064,226,576,332949,9944,1276440576,17,1956381,298982,6504758,19363,6524805120,1,20639:4
20355780,20639,2575536128,10029912064,227,580,334853,10000,1283780608,17,1956382,298985,6504838,19363,6517583872,1,20639:4
20461789,20639,2589954048,10029912064,228,582,336723,10055,1290989568,17,1956383,298988,6504918,19363,6510301184,1,20639:3
20567810,20639,2604634112,10029912064,228,586,338610,10111,1298198528,17,1956384,298992,6504999,19363,6502936576,1,20639:4
20673913,20639,2619052032,10029912064,228,589,340463,10165,1305407488,17,1956385,298994,6505079,19363,6495858688,1,20639:3
20780186,20639,2633469952,10029912064,229,591,342365,10221,1312616448,17,1956386,298997,6505159,19363,6488371200,1,20639:3
20886031,20639,2647887872,10029912064,229,595,344235,10276,1319825408,17,1956387,299000,6505239,19363,6481088512,1,20639:4
20992060,20639,2662567936,10029912064,230,598,346139,10332,1327165440,17,1956388,299004,6505320,19363,6473723904,1,20639:4
21098076,20639,2676985856,10029912064,231,601,348009,10387,1334374400,17,1956389,299006,6505400,19363,6466760704,1,20639:4
21204082,20639,2691403776,10029912064,231,604,349879,10442,1341583360,17,1956390,299009,6505480,19363,6459539456,1,20639:3
21309833,20639,2706345984,10029912064,231,607,351841,10500,1348739072,17,1956390,299012,6505560,19364,6451941376,1,20639:4
21415871,20639,2721681408,10029912064,232,610,353828,10562,1355665408,17,1956392,299016,6505639,19364,6444023808,1,20639:3
21522216,20639,2736361472,10029912064,233,613,355766,10619,1363136512,17,1956393,299017,6505719,19364,6436659200,1,20639:4
21628291,20639,2751041536,10029912064,233,616,357636,10674,1370345472,17,1956395,299022,6505797,19364,6429437952,1,20639:3
21734292,20639,2765459456,10029912064,234,619,359540,10730,1377685504,17,1956395,299026,6505877,19364,6422073344,1,20639:5
21840326,20639,2780139520,10029912064,234,622,361410,10785,1384894464,17,1956396,299028,6505957,19364,6414594048,1,20639:2
21946475,20639,2794950656,10029912064,235,625,363347,10842,1392234496,17,1956398,299031,6506037,19364,6407077888,1,20639:4
22052771,20639,2809368576,10029912064,238,626,365251,10898,1399574528,17,1956400,299032,6506117,19364,6399856640,1,20639:4
22158660,20639,2824048640,10029912064,238,629,367155,10954,1406914560,17,1956401,299035,6506197,19364,6392492032,1,20639:3
22264558,20639,2838728704,10029912064,239,632,369025,11009,1414123520,17,1956403,299037,6506278,19364,6385065984,1,20639:4
22370759,20639,2853408768,10029912064,240,635,370963,11066,1421463552,17,1956404,299039,6506358,19364,6377701376,1,20639:4
22476982,20639,2868744192,10029912064,241,637,373004,11128,1428414464,17,1956405,299041,6506437,19365,6369968128,1,20639:3
22582889,20639,2883162112,10029912064,241,640,374879,11185,1435545600,17,1956406,299045,6506517,19365,6362791936,1,20639:4
22688724,20639,2897580032,10029912064,242,643,376749,11240,1442754560,17,1956407,299049,6506597,19365,6355509248,1,20639:3
22794439,20639,2911997952,10029912064,243,646,378619,11295,1449963520,17,1956408,299052,6506677,19365,6348288000,1,20639:4
22900536,20639,2926678016,10029912064,244,649,380523,11351,1457303552,17,1956410,299055,6506758,19365,6340665344,1,20639:4
23006426,20639,2941095936,10029912064,244,652,382393,11406,1464512512,17,1956410,299058,6506838,19365,6333444096,1,20639:3
23112368,20639,2955644928,10029912064,245,655,384273,11462,1471590400,17,1956412,299062,6506915,19365,6326153216,1,20639:4
23218493,20639,2970062848,10029912064,246,657,386140,11517,1478799360,17,1956413,299064,6506995,19365,6318931968,1,20639:4
23324617,20639,2984480768,10029912064,247,660,388036,11572,1486139392,17,1956415,299068,6507075,19365,6311710720,1,20639:3
23430445,20639,2998898688,10029912064,248,663,389906,11627,1493217280,17,1956416,299070,6507155,19365,6304428032,1,20639:4
23536493,20639,3013316608,10029912064,248,665,391776,11682,1500557312,17,1956417,299073,6507236,19365,6297206784,1,20639:2
23642437,20639,3028914176,10029912064,249,669,393828,11746,1507287040,17,1956418,299076,6507315,19366,6289379328,1,20639:5
23748435,20639,3043725312,10029912064,249,672,395793,11804,1514889216,17,1956419,299080,6507395,19366,6281871360,1,20639:3
23854293,20639,3059191808,10029912064,250,675,397765,11862,1522491392,17,1956420,299082,6507475,19366,6273961984,1,20639:4
23960362,20639,3074134016,10029912064,251,677,399737,11920,1530093568,17,1956422,299085,6507555,19366,6266372096,1,20639:3
24066275,20639,3089338368,10029912064,253,680,401675,11977,1537564672,17,1956424,299086,6507635,19366,6258720768,1,20639:5
24172492,20639,3104542720,10029912064,253,683,403680,12036,1545166848,17,1956424,299092,6507715,19366,6251266048,1,20639:3
24278535,20639,3119484928,10029912064,253,687,405618,12093,1552637952,17,1956426,299094,6507795,19366,6243500032,1,20639:4
24384628,20639,3134689280,10029912064,254,690,407590,12151,1560240128,17,1956428,299097,6507875,19366,6236106752,1,20639:4
24490721,20639,3149631488,10029912064,255,692,409528,12208,1567711232,17,1956429,299100,6507955,19366,6228660224,1,20639:3
24596763,20639,3164835840,10029912064,256,696,411500,12266,1575313408,17,1956430,299104,6508033,19366,6221008896,1,20639:5
24702059,20639,3179909120,10029912064,256,699,413477,12325,1582407680,17,1956432,299108,6508111,19367,6213406720,1,20639:3
24808032,20639,3194851328,10029912064,257,702,415448,12385,1589399552,17,1956433,299110,6508191,19367,6205698048,1,20639:4
24913841,20639,3209531392,10029912064,258,705,417352,12441,1596739584,17,1956434,299114,6508271,19367,6198075392,1,20639:4
25019846,20639,3223949312,10029912064,258,708,419222,12496,1603948544,17,1956435,299116,6508351,19367,6190792704,1,20639:3
25125654,20639,3238629376,10029912064,258,712,421092,12551,1611157504,17,1956436,299120,6508431,19367,6183686144,1,20639:4
25232013,20639,3253047296,10029912064,259,715,422996,12607,1618497536,17,1956437,299123,6508511,19367,6176464896,1,20639:4
25337870,20639,3267727360,10029912064,259,719,424889,12663,1625575424,17,1956438,299127,6508591,19367,6168977408,1,20639:4
25444130,20639,3282407424,10029912064,259,722,426769,12718,1632915456,17,1956439,299129,6508671,19367,6161694720,1,20639:3
25549949,20639,3297087488,10029912064,259,725,428673,12774,1640255488,17,1956439,299134,6508751,19367,6154588160,1,20639:3
25655836,20639,3311505408,10029912064,261,727,430577,12830,1647464448,17,1956442,299136,6508831,19367,6147223552,1,20639:4
25761994,20639,3325923328,10029912064,261,730,432447,12885,1654804480,17,1956442,299138,6508911,19367,6140002304,1,20639:3
25867814,20639,3340865536,10029912064,262,734,434454,12946,1661702144,17,1956444,299142,6508990,19367,6131806208,1,20639:5
25973785,20639,3355676672,10029912064,263,736,436362,13004,1668825088,17,1956446,299144,6509070,19368,6124576768,1,20639:3
26079905,20639,3370094592,10029912064,263,740,438266,13060,1676034048,17,1956447,299149,6509150,19368,6117212160,1,20639:4
26185995,20639,3384512512,10029912064,264,743,440136,13115,1683374080,17,1956448,299154,6509227,19368,6109990912,1,20639:4
26291883,20639,3398668288,10029912064,264,746,441972,13169,1690451968,17,1956449,299158,6509307,19368,6102851584,1,20639:4
26397615,20639,3413086208,10029912064,265,750,443842,13224,1697660928,17,1956450,299160,6509387,19368,6095630336,1,20639:4
26503440,20639,3427504128,10029912064,266,752,445711,13279,1704738816,17,1956451,299163,6509467,19368,6088544256,1,20639:3
26609390,20639,3441922048,10029912064,266,756,447581,13334,1711947776,17,1956452,299168,6509547,19368,6081261568,1,20639:4
26715495,20639,3456602112,10029912064,266,759,449451,13389,1719156736,17,1956452,299171,6509627,19368,6073782272,1,20639:3
26821660,20639,3471020032,10029912064,266,763,451321,13444,1726365696,17,1956452,299175,6509707,19368,6066819072,1,20639:4
26927828,20639,3485437952,10029912064,267,766,453191,13499,1733574656,17,1956454,299178,6509788,19368,6059196416,1,20639:4
27034034,20639,3500511232,10029912064,267,769,455233,13561,1740369920,17,1956454,299180,6509867,19368,6051397632,1,20639:3
27139996,20639,3515191296,10029912064,268,772,457138,13618,1747709952,17,1956455,299184,6509947,19368,6044291072,1,20639:4
27246036,20639,3529871360,10029912064,269,775,459008,13673,1754918912,17,1956456,299186,6510027,19368,6036926464,1,20639:4
27352235,20639,3544551424,10029912064,269,779,460946,13730,1762390016,17,1956457,299191,6510108,19368,6029561856,1,20639:4
27458164,20639,3558969344,10029912064,269,782,462816,13785,1769598976,17,1956457,299194,6510188,19368,6022184960,1,20639:3
27564047,20639,3573518336,10029912064,270,784,464719,13841,1776807936,17,1956458,299196,6510268,19368,6014791680,1,20639:3
27669972,20639,3587936256,10029912064,271,787,466589,13896,1784016896,17,1956460,299201,6510345,19368,6007570432,1,20639:4
27775645,20639,3602878464,10029912064,271,791,468527,13953,1791488000,17,1956460,299204,6510425,19368,5999886336,1,20639:4
27881749,20639,3617558528,10029912064,272,793,470412,14009,1798696960,17,1956462,299208,6510505,19368,5992955904,1,20639:3
27987950,20639,3632107520,10029912064,272,797,472301,14064,1806036992,17,1956462,299210,6510585,19368,5985673216,1,20639:4
28093702,20639,3646525440,10029912064,272,800,474210,14120,1813291008,17,1956463,299214,6510665,19368,5978230784,1,20639:3
28199727,20639,3661860864,10029912064,272,804,476215,14183,1820033024,17,1956464,299219,6510745,19369,5970423808,1,20639:4
28305799,20639,3676278784,10029912064,272,807,478085,14238,1827241984,17,1956464,299223,6510825,19369,5963141120,1,20639:3
28412086,20639,3690958848,10029912064,273,810,479989,14293,1834582016,17,1956465,299226,6510905,19369,5955403776,1,20639:4
28518157,20639,3705376768,10029912064,273,814,481891,14349,1841790976,17,1956465,299230,6510986,19369,5948297216,1,20639:4
28624421,20639,3719794688,10029912064,273,817,483763,14404,1849131008,17,1956466,299232,6511066,19369,5941075968,1,20639:3
28730208,20639,3734343680,10029912064,275,819,485632,14459,1856208896,17,1956468,299234,6511146,19369,5933928448,1,20639:4
28836079,20639,3748761600,10029912064,275,822,487536,14515,1863548928,17,1956469,299237,6511226,19369,5926563840,1,20639:3
28942005,20639,3763179520,10029912064,275,826,489406,14570,1870757888,17,1956470,299241,6511306,19369,5919342592,1,20639:4
29047988,20639,3777597440,10029912064,275,829,491276,14625,1877966848,17,1956470,299244,6511386,19369,5912059904,1,20639:3
29153897,20639,3792015360,10029912064,276,833,493146,14680,1885175808,17,1956471,299247,6511467,19369,5904838656,1,20639:5
29259908,20639,3807219712,10029912064,276,836,495107,14738,1892368384,17,1956472,299253,6511544,19369,5897220096,1,20639:3
29366133,20639,3822424064,10029912064,276,839,497162,14801,1899552768,17,1956474,299256,6511623,19370,5889564672,1,20639:3
29471947,20639,3837628416,10029912064,276,843,499100,14858,1907023872,17,1956474,299261,6511703,19370,5881425920,1,20639:4
29577909,20639,3852570624,10029912064,276,847,501072,14916,1914626048,17,1956475,299264,6511783,19370,5874147328,1,20639:4
29683687,20639,3867512832,10029912064,277,849,503010,14973,1922097152,17,1956476,299267,6511863,19370,5866700800,1,20639:3
29789402,20639,3882455040,10029912064,278,852,504948,15030,1929568256,17,1956477,299270,6511943,19370,5859192832,1,20639:4
29895137,20639,3897528320,10029912064,278,855,506919,15088,1937039360,17,1956478,299273,6512023,19370,5851676672,1,20639:3
30001203,20639,3912470528,10029912064,279,858,508857,15145,1944379392,17,1956479,299275,6512103,19370,5844168704,1,20639:4
30107149,20639,3927412736,10029912064,279,861,510795,15202,1951981568,17,1956480,299279,6512183,19370,5836660736,1,20639:3
30212964,20639,3942617088,10029912064,280,864,512767,15260,1959583744,17,1956481,299281,6512263,19370,5829070848,1,20639:4
30318724,20639,3957821440,10029912064,281,867,514705,15317,1967054848,17,1956482,299283,6512344,19370,5821419520,1,20639:4
30424937,20639,3973156864,10029912064,281,870,516785,15381,1973952512,17,1956484,299288,6512423,19370,5813215232,1,20639:3
30530670,20639,3987574784,10029912064,281,874,518655,15436,1981161472,17,1956484,299291,6512503,19370,5805993984,1,20639:4
30636479,20639,4002254848,10029912064,282,876,520525,15491,1988370432,17,1956486,299294,6512584,19370,5798772736,1,20639:3
30742337,20639,4016672768,10029912064,282,880,522429,15547,1995579392,17,1956487,299300,6512661,19370,5791408128,1,20639:4
30848387,20639,4031090688,10029912064,283,882,524299,15602,2002919424,17,1956488,299303,6512735,19377,5783887872,1,20639:3
30954278,20639,4045246464,10029912064,283,886,526168,15657,2009866240,17,1956488,299308,6512810,19381,5776674816,1,20639:4
31060427,20639,4059664384,10029912064,283,889,528038,15712,2017206272,17,1956489,299310,6512891,19381,5769461760,1,20639:3
31166442,20639,4074344448,10029912064,283,893,529942,15768,2024546304,17,1956490,299314,6512971,19381,5762248704,1,20639:4
31272291,20639,4088762368,10029912064,284,895,531812,15823,2031755264,17,1956492,299316,6513051,19381,5755035648,1,20639:3
31378153,20639,4103442432,10029912064,285,898,533682,15878,2038964224,17,1956492,299318,6513131,19381,5747564544,1,20639:4
31484137,20639,4117860352,10029912064,285,901,535592,15934,2046058496,17,1956494,299321,6513211,19381,5740093440,1,20639:3
31590133,20639,4133064704,10029912064,285,904,537621,15998,2053111808,17,1956494,299324,6513291,19382,5732478976,1,20639:3
31696309,20639,4148269056,10029912064,286,907,539587,16056,2060713984,17,1956496,299327,6513371,19382,5724889088,1,20639:4
31802372,20639,4163211264,10029912064,286,910,541533,16113,2068185088,17,1956496,299330,6513451,19382,5717381120,1,20639:3
31908344,20639,4178153472,10029912064,287,913,543471,16170,2075656192,17,1956498,299333,6513531,19382,5709873152,1,20639:4
32014050,20639,4193619968,10029912064,288,916,545443,16228,2083258368,17,1956499,299335,6513611,19382,5702283264,1,20639:4
32120026,20639,4208562176,10029912064,289,919,547414,16286,2090729472,17,1956500,299339,6513691,19382,5694767104,1,20639:4
32225723,20639,4223766528,10029912064,289,922,549367,16344,2098200576,17,1956501,299343,6513771,19382,5687177216,1,20639:3
32331921,20639,4238708736,10029912064,290,924,551324,16401,2105802752,17,1956503,299348,6513848,19382,5679669248,1,20639:3
32437670,20639,4253913088,10029912064,290,928,553296,16459,2113404928,17,1956503,299352,6513928,19382,5671759872,1,20639:4
32543491,20639,4268855296,10029912064,291,931,555234,16516,2120876032,17,1956504,299355,6514008,19382,5664251904,1,20639:4
32649290,20639,4284583936,10029912064,292,934,557304,16579,2127728640,17,1956506,299359,6514087,19383,5656449024,1,20639:4
32754889,20639,4299132928,10029912064,292,937,559160,16637,2134728704,17,1956508,299362,6514167,19383,5648871424,1,20639:3
32860991,20639,4313550848,10029912064,293,940,560975,16692,2142068736,17,1956509,299366,6514248,19383,5641588736,1,20639:4
32966945,20639,4328230912,10029912064,293,943,562823,16748,2149277696,17,1956510,299368,6514328,19383,5634224128,1,20639:3
33072813,20639,4342910976,10029912064,293,946,564638,16803,2156617728,17,1956510,299372,6514409,19383,5627002880,1,20639:3
33178727,20639,4357591040,10029912064,294,949,566519,16860,2163957760,17,1956511,299375,6514489,19383,5619494912,1,20639:4
33284779,20639,4372271104,10029912064,295,951,568352,16916,2171166720,17,1956513,299377,6514569,19383,5612007424,1,20639:3
33390958,20639,4386951168,10029912064,295,955,570215,16972,2178637824,17,1956514,299381,6514649,19383,5604642816,1,20639:4
33496769,20639,4401893376,10029912064,295,958,572096,17029,2186108928,17,1956514,299384,6514730,19383,5597134848,1,20639:3
33602433,20639,4416573440,10029912064,296,960,573944,17085,2193317888,17,1956516,299386,6514810,19383,5589770240,1,20639:3
33708542,20639,4431122432,10029912064,296,963,575799,17141,2200526848,17,1956516,299390,6514890,19383,5582258176,1,20639:3
33814267,20639,4446720000,10029912064,297,966,577829,17204,2207399936,17,1956518,299393,6514966,19384,5574275072,1,20639:4
33920262,20639,4461137920,10029912064,298,969,579733,17260,2214739968,17,1956519,299396,6515046,19384,5567168512,1,20639:4
34025997,20639,4475817984,10029912064,299,971,581615,17316,2221948928,17,1956520,299399,6515126,19384,5559803904,1,20639:3
34132254,20639,4490498048,10029912064,299,975,583541,17372,2229420032,17,1956521,299402,6515206,19384,5552439296,1,20639:4
34238027,20639,4505178112,10029912064,300,977,585411,17427,2236628992,17,1956523,299403,6515287,19384,5545218048,1,20639:3
34343444,20639,4519596032,10029912064,301,979,587314,17483,2243706880,17,1956523,299406,6515367,19384,5537472512,1,20639:3
34448822,20639,4534276096,10029912064,301,982,589184,17538,2251042816,17,1956524,299410,6515448,19384,5530189824,1,20639:3
34554297,20639,4548694016,10029912064,301,985,591088,17594,2258251776,17,1956524,299413,6515529,19384,5522825216,1,20639:3
34659993,20639,4563111936,10029912064,301,987,592958,17649,2265591808,17,1956524,299415,6515609,19384,5515862016,1,20639:2
34765364,20639,4578054144,10029912064,302,989,594862,17705,2272931840,17,1956526,299417,6515690,19384,5508497408,1,20639:3
34870772,20639,4592734208,10029912064,302,992,596787,17763,2280087552,17,1956526,299420,6515770,19384,5500899328,1,20639:3
34976356,20639,4605317120,10029912064,307,995,598464,17824,2286186496,17,1956532,299422,6515845,19385,5494538240,1,20639:8
35081630,20639,4617637888,10029912064,314,996,600065,17883,2292346880,17,1956539,299425,6515919,19386,5488291840,1,20639:8
35186970,20639,4632186880,10029912064,320,1000,601937,17940,2299494400,17,1956545,299428,6515992,19386,5480964096,1,20639:10
35292407,20639,4647129088,10029912064,328,1002,603891,17997,2306965504,17,1956553,299432,6516066,19386,5473632256,1,20639:10
35397648,20639,4662202368,10029912064,336,1004,605842,18054,2314436608,17,1956561,299436,6516136,19386,5465862144,1,20639:10
35503052,20639,4677275648,10029912064,342,1008,607780,18112,2321907712,17,1956568,299440,6516210,19386,5458210816,1,20639:10
35608450,20639,4692217856,10029912064,350,1009,609749,18169,2329509888,17,1956576,299442,6516283,19386,5450588160,1,20639:10
35713843,20639,4707422208,10029912064,358,1012,611690,18226,2336980992,17,1956584,299445,6516357,19386,5443203072,1,20639:10
35819267,20639,4722364416,10029912064,365,1014,613637,18284,2344583168,17,1956592,299447,6516430,19386,5435604992,1,20639:9
35924627,20639,4737306624,10029912064,373,1016,615597,18341,2352054272,17,1956600,299450,6516504,19386,5427986432,1,20639:10
36030002,20639,4752510976,10029912064,382,1017,617553,18399,2359656448,17,1956609,299450,6516577,19386,5420769280,1,20639:11
36135493,20639,4767453184,10029912064,391,1018,619492,18456,2367127552,17,1956617,299452,6516651,19386,5413257216,1,20639:10
36240990,20639,4782395392,10029912064,398,1021,621446,18513,2374598656,17,1956625,299455,6516725,19386,5405667328,1,20639:9
36346444,20639,4797599744,10029912064,406,1022,623385,18571,2382069760,17,1956634,299456,6516798,19386,5397790720,1,20639:9
36451904,20639,4812541952,10029912064,414,1024,625354,18628,2389671936,17,1956642,299458,6516872,19386,5390135296,1,20639:10
36557495,20639,4827615232,10029912064,422,1026,627299,18685,2397011968,17,1956650,299460,6516945,19386,5383020544,1,20639:10
36662961,20639,4841639936,10029912064,429,1029,629137,18740,2404016128,17,1956657,299462,6517019,19386,5375827968,1,20639:10
36768434,20639,4856320000,10029912064,436,1031,631035,18796,2411356160,17,1956665,299465,6517093,19386,5368467456,1,20639:9
36873851,20639,4870868992,10029912064,443,1034,632917,18851,2418565120,17,1956672,299470,6517164,19386,5360988160,1,20639:10
36979307,20639,4885549056,10029912064,452,1034,634829,18908,2425905152,17,1956681,299471,6517238,19386,5353619456,1,20639:9
37084633,20639,4900229120,10029912064,459,1037,636724,18963,2433245184,17,1956689,299474,6517312,19386,5346627584,1,20639:10
37190075,20639,4914909184,10029912064,466,1039,638630,19019,2440585216,17,1956696,299477,6517386,19386,5339148288,1,20639:9
37295587,20639,4929458176,10029912064,474,1041,640522,19075,2447925248,17,1956704,299478,6517460,19386,5331525632,1,20639:10
37400993,20639,4944138240,10029912064,480,1045,642430,19131,2455265280,17,1956711,299482,6517534,19386,5324361728,1,20639:10
37506382,20639,4958687232,10029912064,488,1046,644319,19187,2462605312,17,1956718,299484,6517607,19386,5316882432,1,20639:9
37611953,20639,4973367296,10029912064,496,1048,646220,19243,2469945344,17,1956727,299486,6517681,19386,5309628416,1,20639:10
37717510,20639,4988047360,10029912064,504,1050,648125,19299,2477285376,17,1956735,299488,6517755,19386,5302272000,1,20639:10
37822788,20639,5002727424,10029912064,511,1052,650034,19355,2484494336,17,1956742,299490,6517828,19386,5295042560,1,20639:9
37928004,20639,5017276416,10029912064,519,1053,651909,19410,2491834368,17,1956751,299492,6517902,19386,5287682048,1,20639:10
38033383,20639,5031825408,10029912064,527,1056,653806,19466,2499174400,17,1956758,299495,6517976,19386,5280317440,1,20639:10
38138840,20639,5046112256,10029912064,534,1058,655635,19520,2506121216,17,1956765,299497,6518050,19386,5273169920,1,20639:9
38244385,20639,5060792320,10029912064,541,1060,657482,19576,2513461248,17,1956773,299500,6518124,19386,5265494016,1,20639:9
38349760,20639,5075472384,10029912064,549,1062,659313,19632,2520801280,17,1956782,299501,6518198,19386,5258313728,1,20639:10
38454900,20639,5089890304,10029912064,557,1063,661142,19687,2528010240,17,1956791,299504,6518269,19386,5251104768,1,20639:9
38560310,20639,5103259648,10029912064,564,1065,662865,19738,2532892672,17,1956798,299506,6518343,19387,5244375040,1,20639:9
38665679,20639,5116104704,10029912064,569,1068,664531,19794,2537279488,17,1956803,299508,6518417,19388,5237915648,1,20639:8
38771142,20639,5130260480,10029912064,576,1070,666375,19849,2544136192,17,1956810,299510,6518490,19388,5230731264,1,20639:9
38876710,20639,5142974464,10029912064,584,1072,667976,19901,2549477376,17,1956819,299515,6518561,19389,5225123840,1,20639:11
38983334,20639,5157261312,10029912064,592,1075,669757,19955,2556555264,17,1956826,299518,6518634,19389,5217804288,1,20639:10
39089379,20639,5171417088,10029912064,600,1077,671548,20010,2563633152,17,1956834,299521,6518707,19389,5210423296,1,20639:10
39195428,20639,5185572864,10029912064,606,1081,673327,20064,2570711040,17,1956841,299525,6518780,19389,5203288064,1,20639:10
39301305,20639,5199597568,10029912064,613,1084,675102,20117,2577657856,17,1956848,299530,6518854,19389,5196414976,1,20639:10
39407193,20639,5213360128,10029912064,618,1090,676843,20170,2584604672,17,1956853,299540,6518923,19389,5188489216,1,20639:11
39513045,20639,5227515904,10029912064,628,1090,678623,20224,2591682560,17,1956864,299541,6518996,19389,5181476864,1,20639:10
39619099,20639,5241671680,10029912064,636,1093,680397,20278,2598760448,17,1956871,299544,6519070,19389,5174779904,1,20639:11
39724848,20639,5255565312,10029912064,643,1095,682183,20331,2605510656,17,1956880,299547,6519143,19389,5167779840,1,20639:10
39830822,20639,5269721088,10029912064,652,1097,684020,20385,2612588544,17,1956888,299550,6519216,19389,5160656896,1,20639:10
39936319,20639,5283614720,10029912064,659,1100,685823,20439,2619666432,17,1956897,299558,6519283,19389,5154287616,1,20639:10
40042217,20639,5297770496,10029912064,667,1102,687658,20492,2626613248,17,1956905,299561,6519356,19389,5146693632,1,20639:10
40148403,20639,5311926272,10029912064,675,1105,689493,20546,2633691136,17,1956914,299564,6519429,19389,5139632128,1,20639:11
40254460,20639,5326082048,10029912064,684,1106,691331,20600,2640769024,17,1956923,299566,6519502,19389,5132492800,1,20639:10
40360615,20639,5340237824,10029912064,692,1109,693165,20654,2647846912,17,1956930,299570,6519575,19389,5125484544,1,20639:11
40466212,20639,5354131456,10029912064,700,1112,694966,20707,2654793728,17,1956938,299575,6519645,19389,5118504960,1,20639:11
40572127,20639,5368287232,10029912064,709,1113,696802,20761,2661871616,17,1956948,299577,6519718,19389,5111140352,1,20639:10
40678158,20639,5382574080,10029912064,715,1116,698643,20816,2669080576,17,1956955,299581,6519791,19389,5104193536,1,20639:9
40784159,20639,5396336640,10029912064,722,1120,700443,20869,2675765248,17,1956962,299585,6519865,19389,5097140224,1,20639:11
40890042,20639,5410623488,10029912064,731,1121,702283,20923,2682843136,17,1956971,299588,6519938,19389,5090177024,1,20639:10
40996001,20639,5424254976,10029912064,740,1123,704056,20975,2689658880,17,1956981,299594,6520008,19389,5082718208,1,20639:11
41102965,20639,5438279680,10029912064,750,1123,705884,21029,2696736768,17,1956992,299594,6520081,19389,5075345408,1,20639:10
41208965,20639,5452435456,10029912064,754,1130,707704,21082,2703683584,17,1956996,299603,6520154,19389,5068353536,1,20639:11
41314765,20639,5465935872,10029912064,763,1131,709470,21130,2709581824,17,1957006,299604,6520227,19389,5061726208,1,20639:10
41420660,20639,5479960576,10029912064,773,1131,711286,21183,2716528640,17,1957016,299607,6520298,19389,5054590976,1,20639:10
41525979,20639,5493460992,10029912064,779,1136,713040,21235,2723344384,17,1957022,299616,6520366,19389,5048860672,1,20639:11
41631894,20639,5506699264,10029912064,787,1138,714766,21286,2730029056,17,1957032,299618,6520438,19389,5042057216,1,20639:10
41737696,20639,5520461824,10029912064,792,1143,716542,21338,2736844800,17,1957037,299626,6520511,19389,5035143168,1,20639:10
41843665,20639,5534355456,10029912064,801,1144,718349,21384,2742677504,17,1957047,299627,6520584,19389,5028265984,1,20639:10
41949706,20639,5548380160,10029912064,810,1146,720161,21437,2749624320,17,1957056,299629,6520657,19389,5021270016,1,20639:11
42055665,20639,5562011648,10029912064,818,1149,721946,21489,2756440064,17,1957064,299636,6520727,19389,5014016000,1,20639:11
42161361,20639,5575380992,10029912064,826,1151,723678,21540,2763124736,17,1957073,299639,6520799,19389,5007065088,1,20639:10
42267323,20639,5589012480,10029912064,834,1154,725439,21592,2769940480,17,1957080,299642,6520872,19389,5000368128,1,20639:11
42373310,20639,5602643968,10029912064,840,1158,727215,21644,2776756224,17,1957088,299646,6520945,19389,4993380352,1,20639:10
42479124,20639,5616406528,10029912064,845,1163,728990,21697,2783703040,17,1957092,299654,6521018,19389,4986585088,1,20639:10
42585120,20639,5630431232,10029912064,852,1167,730801,21750,2790649856,17,1957100,299660,6521089,19389,4979761152,1,20639:11
42691084,20639,5643669504,10029912064,857,1172,732527,21801,2797334528,17,1957106,299667,6521160,19389,4973420544,1,20639:10
42796984,20639,5657694208,10029912064,867,1173,734355,21854,2804412416,17,1957116,299668,6521233,19389,4966146048,1,20639:11
42903169,20639,5671718912,10029912064,872,1177,736159,21908,2811162624,17,1957122,299674,6521306,19389,4959236096,1,20639:9
43008989,20639,5685743616,10029912064,880,1180,737989,21962,2818240512,17,1957130,299680,6521376,19389,4952109056,1,20639:11
43114739,20639,5700030464,10029912064,888,1183,739830,22016,2825318400,17,1957138,299683,6521449,19389,4944523264,1,20639:11
43220531,20639,5713137664,10029912064,895,1186,741546,22066,2831872000,17,1957146,299690,6521518,19389,4937969664,1,20639:10
43326294,20639,5726507008,10029912064,902,1189,743289,22118,2838687744,17,1957154,299694,6521591,19389,4931141632,1,20639:10
43432341,20639,5740662784,10029912064,912,1190,745105,22171,2845634560,17,1957164,299695,6521664,19389,4924153856,1,20639:11
43538230,20639,5754818560,10029912064,920,1192,746940,22225,2852712448,17,1957173,299697,6521737,19389,4917198848,1,20639:10
43644342,20639,5768974336,10029912064,928,1194,748781,22279,2859790336,17,1957182,299700,6521810,19389,4909641728,1,20639:10
43749789,20639,5782867968,10029912064,933,1199,750589,22332,2866737152,17,1957187,299709,6521879,19389,4902690816,1,20639:11
43855774,20639,5796761600,10029912064,942,1201,752395,22386,2873815040,17,1957196,299712,6521952,19389,4895698944,1,20639:10
43961836,20639,5810917376,10029912064,949,1204,754224,22439,2880761856,17,1957204,299714,6522025,19389,4888326144,1,20639:10
44067824,20639,5824811008,10029912064,956,1208,756029,22492,2887708672,17,1957210,299719,6522098,19389,4881387520,1,20639:11
44173726,20639,5838966784,10029912064,964,1210,757851,22546,2894786560,17,1957219,299722,6522170,19389,4874309632,1,20639:10
44279631,20639,5852729344,10029912064,974,1211,759647,22599,2901733376,17,1957229,299726,6522240,19389,4868177920,1,20639:11
44385466,20639,5866754048,10029912064,981,1214,761464,22652,2908680192,17,1957236,299730,6522313,19389,4860846080,1,20639:10
44491415,20639,5880385536,10029912064,991,1215,763250,22705,2915495936,17,1957246,299733,6522383,19389,4854067200,1,20639:11
44597261,20639,5894541312,10029912064,996,1220,765071,22758,2922573824,17,1957252,299739,6522456,19389,4847104000,1,20639:10
44703309,20639,5908434944,10029912064,1006,1220,766884,22812,2929520640,17,1957262,299740,6522529,19389,4839993344,1,20639:11
44809178,20639,5922328576,10029912064,1014,1222,768677,22864,2936467456,17,1957271,299745,6522599,19389,4832948224,1,20639:10
44915313,20639,5936353280,10029912064,1021,1226,770501,22918,2943414272,17,1957278,299748,6522672,19389,4825812992,1,20639:10
45021126,20639,5950377984,10029912064,1030,1227,772315,22971,2950361088,17,1957287,299750,6522745,19389,4818681856,1,20639:10
45127060,20639,5964271616,10029912064,1037,1231,774126,23025,2957438976,17,1957294,299754,6522818,19389,4811370496,1,20639:11
45233002,20639,5978296320,10029912064,1042,1236,775951,23078,2964385792,17,1957301,299759,6522891,19389,4804612096,1,20639:11
45339106,20639,5992189952,10029912064,1050,1238,777747,23131,2971332608,17,1957308,299764,6522961,19389,4798230528,1,20639:9
45445014,20639,6005821440,10029912064,1057,1241,779521,23183,2978148352,17,1957316,299768,6523034,19389,4791181312,1,20639:11
45550973,20639,6019846144,10029912064,1068,1241,781326,23236,2985226240,17,1957327,299768,6523107,19389,4784123904,1,20639:10
45657269,20639,6033739776,10029912064,1078,1241,783127,23290,2992173056,17,1957339,299768,6523180,19389,4777570304,1,20639:10
45763480,20639,6047764480,10029912064,1087,1244,784961,23343,2999119872,17,1957348,299771,6523253,19389,4770426880,1,20639:12
45869522,20639,6061789184,10029912064,1096,1244,786763,23396,3006197760,17,1957358,299774,6523323,19389,4762701824,1,20639:10
45975672,20639,6075551744,10029912064,1102,1249,788556,23449,3013013504,17,1957364,299781,6523396,19389,4755685376,1,20639:10
46081530,20639,6089445376,10029912064,1109,1252,790367,23502,3019829248,17,1957373,299786,6523466,19389,4748804096,1,20639:10
46187634,20639,6103863296,10029912064,1118,1254,792234,23557,3027038208,17,1957382,299789,6523539,19389,4741206016,1,20639:11
46293596,20639,6117494784,10029912064,1126,1256,793955,23609,3033387008,17,1957389,299792,6523613,19389,4734590976,1,20639:10
46399736,20639,6131650560,10029912064,1133,1258,795738,23663,3040333824,17,1957398,299797,6523683,19389,4727980032,1,20639:9
46505723,20639,6145544192,10029912064,1141,1261,797487,23716,3047280640,17,1957406,299800,6523756,19389,4721004544,1,20639:11
46611764,20639,6159437824,10029912064,1150,1263,799258,23770,3054358528,17,1957415,299802,6523829,19389,4713873408,1,20639:11
46717698,20639,6173593600,10029912064,1158,1266,801024,23824,3061436416,17,1957422,299805,6523902,19389,4707164160,1,20639:11
46823714,20639,6187487232,10029912064,1166,1268,802763,23877,3068194816,17,1957431,299808,6523975,19390,4700188672,1,20639:10
46929531,20639,6201511936,10029912064,1175,1269,804535,23931,3075272704,17,1957440,299810,6524047,19390,4692955136,1,20639:10
47035548,20639,6215536640,10029912064,1183,1271,806296,23984,3082219520,17,1957448,299812,6524120,19390,4685955072,1,20639:10
47140965,20639,6229954560,10029912064,1189,1274,808114,24039,3089428480,17,1957455,299819,6524191,19390,4678426624,1,20639:9
47246389,20639,6244372480,10029912064,1198,1275,809943,24094,3096637440,17,1957464,299820,6524264,19390,4671205376,1,20639:10
47351757,20639,6259314688,10029912064,1206,1277,811826,24138,3102089216,17,1957472,299822,6524338,19390,4663611392,1,20639:10
47457163,20639,6273732608,10029912064,1213,1280,813707,24193,3109298176,17,1957479,299826,6524412,19390,4656386048,1,20639:10
47562639,20639,6288019456,10029912064,1221,1281,815562,24248,3116314624,17,1957488,299830,6524483,19390,4649242624,1,20639:9
47668084,20639,6302437376,10029912064,1229,1282,817437,24303,3123523584,17,1957497,299835,6524553,19390,4641660928,1,20639:10
47773466,20639,6316855296,10029912064,1235,1287,819313,24358,3130732544,17,1957503,299839,6524627,19390,4634558464,1,20639:10
47878963,20639,6331273216,10029912064,1242,1289,821184,24408,3137015808,17,1957510,299841,6524701,19390,4627386368,1,20639:9
47984482,20639,6345691136,10029912064,1250,1291,823054,24463,3144224768,17,1957518,299848,6524771,19390,4620369920,1,20639:10
48089906,20639,6360109056,10029912064,1256,1294,824924,24518,3151433728,17,1957525,299850,6524845,19390,4613525504,1,20639:9
48195495,20639,6374789120,10029912064,1263,1297,826827,24574,3158773760,17,1957532,299854,6524919,19390,4606046208,1,20639:10
48301003,20639,6389338112,10029912064,1269,1300,828703,24630,3166113792,17,1957538,299858,6524993,19390,4598759424,1,20639:10
48406462,20639,6406770688,10029912064,1279,1302,830970,24636,3166408704,17,1957548,299859,6525066,19390,4590178304,1,20639:11
48511837,20639,6424465408,10029912064,1288,1303,833260,24636,3166408704,17,1957557,299862,6525137,19390,4580405248,1,20639:10
48617295,20639,6442160128,10029912064,1298,1303,835554,24636,3166408704,17,1957568,299864,6525209,19390,4571893760,1,20639:10
48722813,20639,6459330560,10029912064,1307,1305,837786,24641,3166801920,17,1957577,299866,6525282,19390,4563230720,1,20639:11
48828050,20639,6477025280,10029912064,1317,1305,840082,24641,3166801920,17,1957587,299868,6525355,19390,4554457088,1,20639:10
48933419,20639,6493933568,10029912064,1327,1305,842279,24649,3167457280,17,1957597,299868,6525428,19390,4545847296,1,20639:10
49038730,20639,6511628288,10029912064,1337,1306,844583,24649,3167457280,17,1957607,299869,6525501,19390,4537073664,1,20639:11
49144093,20639,6528536576,10029912064,1346,1307,846769,24662,3168903168,17,1957618,299872,6525572,19390,4528709632,1,20639:10
49249419,20639,6546231296,10029912064,1356,1307,849069,24662,3168903168,17,1957628,299874,6525644,19390,4520120320,1,20639:10
49354739,20639,6563794944,10029912064,1366,1308,851341,24662,3168903168,17,1957637,299878,6525714,19390,4511113216,1,20639:11
49460141,20639,6581620736,10029912064,1375,1309,853641,24662,3168903168,17,1957648,299879,6525787,19390,4502339584,1,20639:10
49565449,20639,6598266880,10029912064,1384,1311,855799,24673,3170082816,17,1957657,299880,6525860,19390,4493934592,1,20639:11
49670907,20639,6615961600,10029912064,1394,1311,858103,24673,3170082816,17,1957667,299881,6525934,19390,4485160960,1,20639:10
49776227,20639,6633787392,10029912064,1404,1312,860408,24673,3170082816,17,1957678,299881,6526006,19390,4476129280,1,20639:11
49881568,20639,6651613184,10029912064,1414,1312,862713,24673,3170082816,17,1957688,299882,6526079,19390,4467355648,1,20639:11
49986871,20639,6668390400,10029912064,1423,1314,864881,24684,3171262464,17,1957697,299883,6526153,19391,4459028480,1,20639:10
50092314,20639,6685954048,10029912064,1431,1316,867161,24684,3171262464,17,1957706,299888,6526222,19391,4450439168,1,20639:10
50197599,20639,6702600192,10029912064,1440,1317,869321,24692,3172048896,17,1957715,299890,6526296,19391,4441673728,1,20639:10
50303116,20639,6720294912,10029912064,1449,1319,871604,24695,3172048896,17,1957724,299892,6526369,19391,4432642048,1,20639:11
50408466,20639,6737334272,10029912064,1456,1322,873821,24699,3172769792,17,1957732,299895,6526442,19391,4424040448,1,20639:10
50513989,20639,6754504704,10029912064,1465,1323,876032,24710,3173752832,17,1957742,299896,6526515,19391,4415512576,1,20639:11
50619347,20639,6772461568,10029912064,1474,1324,878361,24710,3173752832,17,1957752,299900,6526585,19391,4406263808,1,20639:9
50724665,20639,6790287360,10029912064,1484,1325,880672,24710,3173752832,17,1957762,299901,6526659,19391,4397490176,1,20639:11
50830063,20639,6805753856,10029912064,1492,1327,882657,24739,3177619456,17,1957770,299903,6526732,19391,4389842944,1,20639:10
50935586,20639,6820171776,10029912064,1501,1328,884471,24794,3184828416,17,1957779,299907,6526803,19391,4382691328,1,20639:10
51041064,20639,6834589696,10029912064,1509,1329,886291,24849,3192168448,17,1957787,299909,6526877,19391,4374953984,1,20639:9
51146518,20639,6849269760,10029912064,1516,1332,888134,24904,3199311872,17,1957794,299912,6526951,19391,4367785984,1,20639:10
51251925,20639,6865391616,10029912064,1524,1333,890222,24924,3201736704,17,1957802,299914,6527024,19391,4359471104,1,20639:9
51357342,20639,6879678464,10029912064,1533,1334,892005,24978,3208650752,17,1957810,299916,6527098,19391,4352323584,1,20639:11
51462853,20639,6894096384,10029912064,1539,1338,893828,25034,3215990784,17,1957817,299921,6527169,19391,4344942592,1,20639:9
51568375,20639,6908383232,10029912064,1546,1340,895640,25089,3222933504,17,1957825,299923,6527243,19391,4337860608,1,20639:9
51673778,20639,6922801152,10029912064,1555,1341,897508,25143,3230142464,17,1957834,299925,6527317,19391,4330471424,1,20639:10
51779399,20639,6936694784,10029912064,1563,1342,899322,25195,3236585472,17,1957841,299926,6527391,19391,4323381248,1,20639:9
51884849,20639,6951112704,10029912064,1571,1344,901196,25250,3243794432,17,1957850,299931,6527462,19391,4316430336,1,20639:10
51990273,20639,6965661696,10029912064,1579,1346,903067,25305,3251003392,17,1957857,299934,6527536,19391,4308946944,1,20639:10
52095695,20639,6980210688,10029912064,1586,1348,904952,25361,3258343424,17,1957866,299936,6527609,19391,4301611008,1,20639:9
52201193,20639,6994628608,10029912064,1595,1349,906819,25416,3265552384,17,1957876,299938,6527680,19391,4294389760,1,20639:10
52306555,20639,7009046528,10029912064,1603,1351,908696,25471,3272761344,17,1957883,299940,6527754,19391,4287275008,1,20639:10
52412016,20639,7023464448,10029912064,1610,1353,910553,25526,3279970304,17,1957892,299946,6527825,19391,4280369152,1,20639:9
52517569,20639,7038144512,10029912064,1619,1354,912451,25581,3287179264,17,1957900,299946,6527899,19391,4272889856,1,20639:10
52623100,20639,7052562432,10029912064,1627,1356,914324,25637,3294388224,17,1957908,299949,6527973,19391,4265713664,1,20639:10
52728542,20639,7066849280,10029912064,1634,1357,916184,25689,3301089280,17,1957916,299951,6528047,19391,4258443264,1,20639:9
52834069,20639,7081267200,10029912064,1641,1360,917996,25744,3308298240,17,1957923,299956,6528119,19391,4251258880,1,20639:10
52939580,20639,7095816192,10029912064,1648,1363,919815,25799,3315507200,17,1957930,299959,6528192,19391,4243771392,1,20639:9
53045065,20639,7110234112,10029912064,1656,1365,921634,25855,3322847232,17,1957938,299961,6528266,19391,4236152832,1,20639:10
53150637,20639,7124652032,10029912064,1663,1367,923493,25910,3329843200,17,1957945,299964,6528340,19391,4228956160,1,20639:9
53256123,20639,7140642816,10029912064,1671,1369,925562,25935,3332882432,17,1957953,299966,6528413,19392,4220899328,1,20639:10
53361490,20639,7155191808,10029912064,1678,1372,927403,25991,3340222464,17,1957960,299971,6528484,19392,4214022144,1,20639:10
53466948,20639,7169609728,10029912064,1686,1373,929217,26046,3347431424,17,1957968,299973,6528558,19392,4206804992,1,20639:9
53572437,20639,7184027648,10029912064,1693,1375,931035,26101,3354640384,17,1957975,299976,6528632,19392,4199411712,1,20639:9
53677851,20639,7198576640,10029912064,1699,1379,932854,26156,3361849344,17,1957982,299981,6528703,19392,4192194560,1,20639:10
53783280,20639,7213125632,10029912064,1706,1381,934686,26212,3369189376,17,1957990,299984,6528776,19392,4184580096,1,20639:9
53888662,20639,7227543552,10029912064,1713,1384,936504,26267,3376398336,17,1957999,299989,6528848,19392,4177399808,1,20639:11
53994016,20639,7241830400,10029912064,1720,1387,938322,26320,3383083008,17,1958006,299992,6528921,19392,4169846784,1,20639:9
54099534,20639,7256510464,10029912064,1726,1390,940219,26376,3390423040,17,1958012,299996,6528995,19392,4162912256,1,20639:9
54205016,20639,7271190528,10029912064,1732,1394,942127,26432,3397763072,17,1958019,299999,6529069,19392,4155547648,1,20639:10
54310448,20639,7285739520,10029912064,1741,1395,944002,26487,3404972032,17,1958028,300002,6529141,19392,4148285440,1,20639:10
54415841,20639,7300288512,10029912064,1749,1397,945893,26542,3412180992,17,1958037,300004,6529215,19392,4140924928,1,20639:10
54521375,20639,7314706432,10029912064,1757,1398,947756,26596,3419021312,17,1958044,300008,6529287,19392,4133969920,1,20639:10
54627801,20639,7327944704,10029912064,1762,1403,949521,26648,3425640448,17,1958051,300015,6529359,19392,4127809536,1,20639:9
54733852,20639,7341838336,10029912064,1772,1404,951321,26701,3432587264,17,1958061,300016,6529431,19392,4120649728,1,20639:11
54839952,20639,7355731968,10029912064,1781,1405,953130,26754,3439534080,17,1958071,300018,6529505,19392,4113719296,1,20639:10
54945955,20639,7369887744,10029912064,1790,1406,954957,26807,3446480896,17,1958080,300019,6529578,19392,4106780672,1,20639:10
55051986,20639,7383519232,10029912064,1795,1412,956732,26860,3453427712,17,1958085,300028,6529647,19392,4099702784,1,20639:11
55157944,20639,7397150720,10029912064,1804,1414,958495,26911,3460112384,17,1958093,300031,6529720,19392,4092735488,1,20639:11
55263787,20639,7411044352,10029912064,1807,1421,960298,26964,3467059200,17,1958098,300040,6529790,19392,4085805056,1,20639:10
55369644,20639,7424937984,10029912064,1816,1422,962099,27017,3474137088,17,1958106,300042,6529863,19392,4078661632,1,20639:10
55475720,20639,7439093760,10029912064,1825,1424,963928,27071,3481083904,17,1958116,300044,6529936,19392,4070993920,1,20639:11
55581406,20639,7452594176,10029912064,1831,1428,965683,27123,3487899648,17,1958123,300052,6530006,19392,4064460800,1,20639:10
55687364,20639,7466356736,10029912064,1840,1429,967470,27175,3494715392,17,1958132,300053,6530079,19392,4057190400,1,20639:10
55793315,20639,7480381440,10029912064,1849,1430,969286,27229,3501793280,17,1958142,300055,6530151,19392,4050247680,1,20639:10
55899271,20639,7494668288,10029912064,1853,1437,971125,27280,3508051968,17,1958146,300063,6530224,19392,4043472896,1,20639:11
56004836,20639,7508037632,10029912064,1858,1442,972816,27332,3514998784,17,1958150,300072,6530295,19392,4036550656,1,20639:11
56110917,20639,7521669120,10029912064,1866,1444,974554,27385,3521945600,17,1958160,300074,6530367,19392,4029521920,1,20639:9
56216763,20639,7535562752,10029912064,1874,1446,976312,27438,3528794112,17,1958169,300076,6530441,19392,4022861824,1,20639:11
56322790,20639,7551160320,10029912064,1883,1448,978354,27457,3530932224,17,1958178,300078,6530514,19392,4014874624,1,20639:10
56428654,20639,7565709312,10029912064,1890,1451,980230,27512,3538141184,17,1958186,300083,6530585,19392,4007014400,1,20639:11
56533975,20639,7580520448,10029912064,1898,1453,982160,27569,3545612288,17,1958194,300092,6530651,19392,4000468992,1,20639:9
56639348,20639,7595593728,10029912064,1905,1457,984106,27626,3553083392,17,1958200,300095,6530725,19392,3992764416,1,20639:11
56744786,20639,7610535936,10029912064,1912,1460,986048,27684,3560685568,17,1958209,300099,6530795,19392,3985248256,1,20639:10
56850249,20639,7625609216,10029912064,1919,1463,988000,27741,3568156672,17,1958216,300102,6530869,19392,3977916416,1,20639:10
56955729,20639,7640027136,10029912064,1927,1465,989866,27796,3575365632,17,1958225,300105,6530941,19392,3970998272,1,20639:10
57061714,20639,7654969344,10029912064,1934,1467,991803,27853,3582836736,17,1958232,300110,6531013,19392,3962212352,1,20639:10
57167627,20639,7668600832,10029912064,1941,1471,993584,27905,3589652480,17,1958239,300117,6531084,19392,3955802112,1,20639:11
57273447,20639,7682625536,10029912064,1946,1477,995392,27958,3596599296,17,1958244,300123,6531156,19392,3948728320,1,20639:10
57379562,20639,7696912384,10029912064,1954,1479,997241,28013,3603808256,17,1958252,300126,6531229,19392,3941642240,1,20639:10
57485455,20639,7711068160,10029912064,1962,1482,999088,28067,3610886144,17,1958260,300130,6531302,19392,3934507008,1,20639:11
57591467,20639,7724961792,10029912064,1968,1486,1000888,28120,3617832960,17,1958267,300137,6531372,19392,3928215552,1,20639:10
57697316,20639,7738593280,10029912064,1972,1492,1002703,28173,3624554496,17,1958271,300146,6531444,19392,3921047552,1,20639:11
57803130,20639,7752749056,10029912064,1976,1499,1004521,28226,3631501312,17,1958275,300153,6531517,19392,3914170368,1,20639:10
57909118,20639,7766642688,10029912064,1982,1503,1006344,28280,3638579200,17,1958282,300158,6531591,19392,3906543616,1,20639:10
58014833,20639,7780929536,10029912064,1991,1504,1008192,28334,3645657088,17,1958291,300168,6531656,19392,3899580416,1,20639:10
58120121,20639,7795216384,10029912064,1998,1507,1010045,28389,3652866048,17,1958299,300181,6531718,19392,3892293632,1,20639:10
58225518,20639,7809634304,10029912064,2006,1510,1011897,28444,3659943936,17,1958307,300195,6531780,19392,3885072384,1,20639:11
58337110,20639,7823527936,10029912064,2015,1511,1013727,28497,3667152896,17,1958317,300211,6531845,19393,3891851264,1,20639:11
58513898,20639,7840436224,10029912064,2023,1522,1016337,28574,3677114368,17,1958326,300248,6531949,19393,3882934272,1,20639:18
58635288,20639,7842402304,10029912064,2027,1528,1017308,28602,3680653312,17,1958330,300265,6532012,19393,3879915520,1,20639:10
58741120,20639,7840698368,10029912064,2033,1532,1018837,28647,3686682624,17,1958338,300280,6532074,19394,3872681984,1,20639:10
58846806,20639,7819071488,10029912064,2041,1534,1020355,28692,3692584960,17,1958346,300294,6532136,19394,3866877952,1,20639:10
58952643,20639,7816318976,10029912064,2048,1537,1021998,28740,3698876416,17,1958353,300302,6532205,19394,3860520960,1,20639:11
59058436,20639,7829688320,10029912064,2056,1540,1023721,28791,3705561088,17,1958361,300306,6532277,19394,3853922304,1,20639:10
59164226,20639,7814221824,10029912064,2063,1544,1025295,28837,3711590400,17,1958369,300315,6532344,19394,3847966720,1,20639:11
59269784,20639,7794036736,10029912064,2068,1549,1026846,28883,3717619712,17,1958374,300328,6532411,19394,3843993600,1,20639:11
59375544,20639,7807537152,10029912064,2076,1552,1028596,28934,3724304384,17,1958382,300332,6532484,19394,3836915712,1,20639:10
59481267,20639,7820906496,10029912064,2083,1555,1030348,28988,3731062784,17,1958389,300336,6532556,19394,3830591488,1,20639:10
59586989,20639,7834800128,10029912064,2091,1558,1032148,29041,3738009600,17,1958397,300339,6532629,19394,3823583232,1,20639:11
59692578,20639,7804391424,10029912064,2100,1559,1033674,29085,3743907840,17,1958407,300350,6532693,19394,3817144320,1,20639:10
59798151,20639,7799934976,10029912064,2107,1562,1035352,29135,3750461440,17,1958416,300358,6532758,19394,3810885632,1,20639:11
59903702,20639,7813828608,10029912064,2118,1562,1037148,29188,3757408256,17,1958426,300360,6532831,19394,3803832320,1,20639:10
60009571,20639,7827591168,10029912064,2125,1566,1038929,29240,3764224000,17,1958433,300364,6532903,19394,3796975616,1,20639:11
60115143,20639,7828508672,10029912064,2131,1570,1040629,29290,3770646528,17,1958440,300370,6532973,19394,3790536704,1,20639:10
60220560,20639,7793250304,10029912064,2139,1573,1042123,29334,3776544768,17,1958448,300382,6533038,19394,3784892416,1,20639:11
60326304,20639,7807143936,10029912064,2147,1574,1043927,29387,3783491584,17,1958457,300384,6533110,19394,3777748992,1,20639:10
60432054,20639,7821299712,10029912064,2156,1577,1045760,29441,3790569472,17,1958466,300387,6533183,19394,3770560512,1,20639:11
60537771,20639,7835193344,10029912064,2161,1581,1047575,29494,3797516288,17,1958472,300393,6533256,19394,3763564544,1,20639:10
60643448,20639,7800590336,10029912064,2167,1586,1049079,29539,3803283456,17,1958478,300407,6533319,19394,3757031424,1,20639:10
60748750,20639,7801769984,10029912064,2175,1589,1050813,29590,3810099200,17,1958486,300412,6533390,19394,3751067648,1,20639:11
60854651,20639,7815794688,10029912064,2179,1596,1052636,29643,3817046016,17,1958490,300420,6533463,19394,3743621120,1,20639:11
60960350,20639,7829819392,10029912064,2183,1602,1054451,29697,3824123904,17,1958495,300427,6533535,19394,3736473600,1,20639:10
61066122,20639,7817760768,10029912064,2191,1604,1056109,29745,3830415360,17,1958503,300436,6533603,19394,3729571840,1,20639:11
61171594,20639,7796658176,10029912064,2199,1606,1057644,29792,3836440576,17,1958513,300443,6533670,19394,3724161024,1,20639:9
61277411,20639,7810551808,10029912064,2209,1607,1059445,29845,3843387392,17,1958522,300444,6533743,19394,3717419008,1,20639:11
61383255,20639,7824445440,10029912064,2217,1609,1061247,29898,3850465280,17,1958533,300447,6533813,19394,3710554112,1,20639:10
61489158,20639,7836897280,10029912064,2226,1610,1063045,29951,3857281024,17,1958543,300450,6533885,19394,3703476224,1,20639:11
61594650,20639,7791677440,10029912064,2234,1614,1064489,29994,3862917120,17,1958550,300463,6533947,19394,3697684480,1,20639:11
61700338,20639,7805571072,10029912064,2241,1617,1066292,30047,3869863936,17,1958558,300467,6534020,19394,3690692608,1,20639:10
61806096,20639,7819857920,10029912064,2250,1618,1068130,30101,3876941824,17,1958568,300469,6534092,19394,3683614720,1,20639:10
61911800,20639,7833882624,10029912064,2258,1621,1069959,30155,3884019712,17,1958576,300473,6534165,19394,3676168192,1,20639:11
62017423,20639,7800328192,10029912064,2266,1623,1071490,30200,3889786880,17,1958584,300484,6534229,19394,3670003712,1,20639:10
62122886,20639,7802163200,10029912064,2274,1625,1073248,30251,3896602624,17,1958592,300489,6534299,19394,3664056320,1,20639:10
62228631,20639,7816450048,10029912064,2284,1627,1075111,30306,3903811584,17,1958602,300491,6534372,19394,3656597504,1,20639:12
62334364,20639,7830736896,10029912064,2291,1629,1076956,30360,3910889472,17,1958610,300494,6534445,19394,3649425408,1,20639:9
62440333,20639,7811862528,10029912064,2300,1631,1078599,30409,3917180928,17,1958620,300502,6534512,19394,3642851328,1,20639:11
62545774,20639,7799672832,10029912064,2308,1633,1080269,30458,3923734528,17,1958628,300510,6534580,19394,3636805632,1,20639:11
62651520,20639,7813959680,10029912064,2315,1637,1082123,30513,3930943488,17,1958635,300515,6534653,19394,3629359104,1,20639:10
62757439,20639,7827591168,10029912064,2323,1639,1083891,30566,3937759232,17,1958644,300518,6534726,19394,3622567936,1,20639:10
62863314,20639,7822741504,10029912064,2332,1641,1085601,30617,3944312832,17,1958653,300524,6534792,19394,3616382976,1,20639:11
62968628,20639,7796658176,10029912064,2340,1643,1087187,30663,3950473216,17,1958662,300534,6534858,19394,3609649152,1,20639:10
63074445,20639,7810551808,10029912064,2348,1646,1088993,30716,3957420032,17,1958669,300537,6534931,19394,3602587648,1,20639:11
63180392,20639,7824445440,10029912064,2355,1648,1090801,30770,3964497920,17,1958678,300540,6535004,19394,3595595776,1,20639:10
63286223,20639,7831523328,10029912064,2365,1649,1092563,30822,3971182592,17,1958687,300542,6535075,19394,3589021696,1,20639:10
63391661,20639,7793774592,10029912064,2372,1652,1094055,30865,3976949760,17,1958696,300555,6535139,19394,3583369216,1,20639:10
63497336,20639,7807668224,10029912064,2381,1654,1095854,30918,3983896576,17,1958704,300557,6535212,19394,3576254464,1,20639:11
63603061,20639,7821561856,10029912064,2391,1654,1097661,30971,3990843392,17,1958715,300557,6535285,19394,3569250304,1,20639:10
63708768,20639,7835193344,10029912064,2400,1655,1099430,31023,3997659136,17,1958725,300559,6535358,19394,3562016768,1,20639:10
63814562,20639,7792857088,10029912064,2407,1659,1100901,31067,4003295232,17,1958732,300574,6535421,19394,3557003264,1,20639:11
63919968,20639,7805177856,10029912064,2415,1661,1102702,31120,4010373120,17,1958740,300577,6535494,19394,3549933568,1,20639:11
64025686,20639,7818940416,10029912064,2425,1662,1104495,31172,4017188864,17,1958750,300578,6535567,19394,3542736896,1,20639:10
64131519,20639,7832834048,10029912064,2433,1664,1106296,31225,4024266752,17,1958759,300580,6535639,19394,3535745024,1,20639:10
64237425,20639,7801507840,10029912064,2442,1666,1107862,31272,4030164992,17,1958768,300590,6535704,19394,3529564160,1,20639:11
64342789,20639,7803211776,10029912064,2450,1668,1109597,31322,4036849664,17,1958777,300595,6535775,19394,3523231744,1,20639:10
64448626,20639,7816712192,10029912064,2455,1673,1111343,31376,4043796480,17,1958784,300601,6535845,19395,3516071936,1,20639:10
64554287,20639,7830736896,10029912064,2463,1675,1113151,31429,4050743296,17,1958793,300602,6535918,19395,3509080064,1,20639:10
64659964,20639,7807537152,10029912064,2470,1678,1114731,31475,4056772608,17,1958800,300614,6535984,19395,3502743552,1,20639:10
64765418,20639,7801245696,10029912064,2479,1680,1116397,31525,4063326208,17,1958810,300619,6536054,19395,3497205760,1,20639:11
64871284,20639,7815270400,10029912064,2485,1684,1118227,31578,4070273024,17,1958816,300624,6536126,19395,3489832960,1,20639:10
64976953,20639,7829295104,10029912064,2494,1686,1120033,31631,4077219840,17,1958826,300626,6536199,19395,3482869760,1,20639:11
65082739,20639,7813304320,10029912064,2501,1689,1121667,31679,4083511296,17,1958833,300636,6536267,19395,3475558400,1,20639:10
65188234,20639,7800328192,10029912064,2509,1692,1123297,31727,4089802752,17,1958842,300643,6536335,19395,3469316096,1,20639:11
65293996,20639,7814352896,10029912064,2518,1693,1125111,31781,4096880640,17,1958851,300644,6536408,19395,3462606848,1,20639:10
65399752,20639,7828508672,10029912064,2526,1696,1126936,31834,4103827456,17,1958860,300646,6536481,19395,3455410176,1,20639:11
65505487,20639,7812780032,10029912064,2535,1697,1128567,31883,4110118912,17,1958869,300653,6536548,19395,3448680448,1,20639:10
65610941,20639,7799672832,10029912064,2542,1700,1130167,31930,4116410368,17,1958876,300660,6536617,19395,3443580928,1,20639:10
65716754,20639,7813697536,10029912064,2548,1705,1131998,31983,4123357184,17,1958882,300666,6536690,19395,3436208128,1,20639:11
65822473,20639,7827722240,10029912064,2555,1708,1133809,32037,4130435072,17,1958890,300670,6536762,19395,3429502976,1,20639:10
65928327,20639,7816843264,10029912064,2564,1710,1135496,32086,4136857600,17,1958902,300678,6536828,19395,3422359552,1,20639:11
66033695,20639,7799803904,10029912064,2568,1716,1137091,32133,4143017984,17,1958906,300691,6536895,19395,3416186880,1,20639:10
66139438,20639,7813304320,10029912064,2574,1720,1138834,32186,4149833728,17,1958912,300695,6536968,19395,3409342464,1,20639:11
66245191,20639,7827197952,10029912064,2583,1722,1140637,32240,4156911616,17,1958922,300697,6537041,19395,3402264576,1,20639:10
66351146,20639,7814746112,10029912064,2591,1724,1142281,32288,4163072000,17,1958930,300704,6537109,19395,3395846144,1,20639:10
66456498,20639,7799410688,10029912064,2599,1727,1143887,32335,4169363456,17,1958938,300713,6537177,19395,3389960192,1,20639:11
66562127,20639,7813304320,10029912064,2608,1727,1145695,32388,4176310272,17,1958948,300714,6537250,19395,3383132160,1,20639:9
66668082,20639,7827197952,10029912064,2614,1732,1147507,32441,4183257088,17,1958955,300719,6537323,19395,3376254976,1,20639:11
66773818,20639,7816581120,10029912064,2619,1737,1149173,32490,4189679616,17,1958960,300730,6537392,19395,3369680896,1,20639:10
66879294,20639,7799934976,10029912064,2629,1738,1150771,32537,4195840000,17,1958970,300736,6537459,19395,3363917824,1,20639:11
66985092,20639,7814090752,10029912064,2635,1742,1152588,32591,4202917888,17,1958976,300742,6537532,19395,3356807168,1,20639:10
67090751,20639,7827984384,10029912064,2644,1743,1154397,32644,4209864704,17,1958986,300742,6537605,19395,3349925888,1,20639:10
67196466,20639,7814352896,10029912064,2653,1745,1156029,32692,4216156160,17,1958995,300750,6537673,19395,3343429632,1,20639:11
67301942,20639,7800721408,10029912064,2663,1746,1157638,32739,4222316544,17,1959005,300755,6537741,19395,3336495104,1,20639:11
67407856,20639,7814615040,10029912064,2671,1747,1159446,32793,4229394432,17,1959015,300758,6537814,19395,3329556480,1,20639:9
67513296,20639,7828508672,10029912064,2680,1749,1161246,32846,4236341248,17,1959025,300760,6537884,19395,3322564608,1,20639:11
67619149,20639,7811207168,10029912064,2689,1750,1162841,32892,4242370560,17,1959034,300768,6537951,19395,3316695040,1,20639:10
67724520,20639,7801901056,10029912064,2697,1752,1164438,32942,4248793088,17,1959042,300775,6538020,19395,3311116288,1,20639:10
67830283,20639,7816187904,10029912064,2706,1754,1166289,32996,4255870976,17,1959052,300776,6538093,19395,3303780352,1,20639:11
67935922,20639,7830474752,10029912064,2715,1756,1168156,33051,4263079936,17,1959060,300779,6538166,19395,3296694272,1,20639:11
68041605,20639,7803998208,10029912064,2722,1759,1169736,33097,4269109248,17,1959068,300790,6538231,19395,3289939968,1,20639:10
68147070,20639,7805702144,10029912064,2728,1763,1171482,33149,4275924992,17,1959075,300796,6538302,19395,3283800064,1,20639:11
68252779,20639,7819988992,10029912064,2735,1767,1173339,33203,4283002880,17,1959082,300801,6538375,19395,3276263424,1,20639:10
68358394,20639,7834275840,10029912064,2741,1771,1175194,33258,4290211840,17,1959088,300804,6538447,19395,3268927488,1,20639:10
68464067,20639,7830867968,10029912064,2749,1774,1176917,33308,4296765440,17,1959096,300811,6538517,19395,3262238720,1,20639:11
68569831,20639,7800852480,10029912064,2757,1776,1178489,33355,4302794752,17,1959104,300823,6538582,19395,3255377920,1,20639:10
68675211,20639,7806881792,10029912064,2765,1778,1180318,33408,4309741568,17,1959112,300827,6538654,19395,3249553408,1,20639:10
68782896,20639,7820775424,10029912064,2773,1781,1182119,33461,4316819456,17,1959121,300830,6538727,19395,3242168320,1,20639:11
68888634,20639,7835193344,10029912064,2782,1782,1183987,33516,4324028416,17,1959131,300832,6538800,19395,3234824192,1,20639:11
68994389,20639,7797051392,10029912064,2790,1785,1185494,33561,4329926656,17,1959139,300846,6538860,19395,3229573120,1,20639:10
69100256,20639,7811338240,10029912064,2798,1787,1187345,33615,4337004544,17,1959148,300849,6538933,19395,3221975040,1,20639:10
69206012,20639,7825494016,10029912064,2805,1790,1189173,33669,4344082432,17,1959155,300852,6539006,19395,3215155200,1,20639:10
69311702,20639,7823396864,10029912064,2814,1792,1190924,33720,4350767104,17,1959164,300857,6539076,19395,3207544832,1,20639:11
69417119,20639,7801507840,10029912064,2822,1794,1192454,33767,4356796416,17,1959173,300866,6539143,19396,3201941504,1,20639:11
69523272,20639,7815401472,10029912064,2832,1795,1194266,33821,4363874304,17,1959182,300868,6539215,19396,3194888192,1,20639:10
69628922,20639,7829426176,10029912064,2840,1797,1196085,33874,4370821120,17,1959192,300869,6539289,19396,3187867648,1,20639:10
69734656,20639,7810682880,10029912064,2848,1800,1197704,33922,4376981504,17,1959199,300878,6539356,19396,3181682688,1,20639:11
69840042,20639,7806226432,10029912064,2856,1801,1199415,33972,4383666176,17,1959209,300883,6539425,19396,3174518784,1,20639:9
69945645,20639,7820251136,10029912064,2862,1805,1201226,34025,4390612992,17,1959215,300888,6539498,19396,3167694848,1,20639:11
70051409,20639,7834144768,10029912064,2871,1808,1203036,34079,4397690880,17,1959224,300890,6539571,19396,3160645632,1,20639:11
70157182,20639,7811338240,10029912064,2879,1810,1204628,34126,4403851264,17,1959232,300900,6539637,19396,3155148800,1,20639:10
70263065,20639,7825494016,10029912064,2885,1814,1206461,34179,4410798080,17,1959239,300904,6539710,19396,3148038144,1,20639:10
70368754,20639,7839256576,10029912064,2894,1815,1208256,34232,4417744896,17,1959249,300908,6539781,19396,3140317184,1,20639:10
70474568,20639,7818940416,10029912064,2903,1817,1209941,34282,4424167424,17,1959258,300922,6539842,19396,3134390272,1,20639:11
70579392,20639,7813959680,10029912064,2911,1819,1211700,34333,4430983168,17,1959266,300928,6539910,19396,3128045568,1,20639:10
70684700,20639,7828508672,10029912064,2917,1822,1213597,34389,4438323200,17,1959274,300930,6539984,19396,3120304128,1,20639:9
70790040,20639,7805177856,10029912064,2924,1825,1215303,34440,4444876800,17,1959281,300940,6540050,19396,3113623552,1,20639:10
70895125,20639,7807930368,10029912064,2931,1828,1217137,34493,4451954688,17,1959288,300945,6540122,19396,3106418688,1,20639:11
71000407,20639,7822217216,10029912064,2939,1830,1218975,34549,4459294720,17,1959296,300948,6540195,19396,3099123712,1,20639:9
71105723,20639,7823921152,10029912064,2945,1833,1220847,34605,4466503680,17,1959304,300954,6540266,19396,3092144128,1,20639:9
71210666,20639,7802949632,10029912064,2953,1836,1222611,34656,4473319424,17,1959312,300963,6540333,19396,3085103104,1,20639:11
71315931,20639,7817891840,10029912064,2961,1837,1224552,34713,4480790528,17,1959320,300965,6540406,19396,3077345280,1,20639:9
71421204,20639,7832309760,10029912064,2970,1839,1226495,34771,4488261632,17,1959329,300967,6540479,19396,3069714432,1,20639:11
71526364,20639,7798886400,10029912064,2978,1841,1228167,34820,4494815232,17,1959337,300978,6540544,19396,3063767040,1,20639:10
71631884,20639,7813959680,10029912064,2986,1843,1230128,34878,4502286336,17,1959346,300979,6540617,19396,3055747072,1,20639:10
71737189,20639,7829032960,10029912064,2995,1844,1232072,34935,4509888512,17,1959354,300981,6540691,19396,3048357888,1,20639:10
71842591,20639,7818678272,10029912064,3002,1847,1233876,34988,4516835328,17,1959362,300988,6540759,19396,3041275904,1,20639:10
71947936,20639,7798755328,10029912064,3009,1851,1235632,35039,4523388928,17,1959368,301001,6540827,19396,3033518080,1,20639:11
72056231,20639,7762055168,10029912064,3016,1854,1237138,35084,4529418240,17,1959378,301016,6540888,19396,3028000768,1,20639:10
72161957,20639,7776342016,10029912064,3025,1855,1238984,35138,4536496128,17,1959386,301018,6540961,19396,3020783616,1,20639:10
72267596,20639,7790497792,10029912064,3033,1858,1240837,35192,4543574016,17,1959394,301020,6541034,19396,3013558272,1,20639:11
72373374,20639,7804915712,10029912064,3042,1860,1242701,35247,4550782976,17,1959404,301023,6541107,19396,3006423040,1,20639:11
72479117,20639,7802294272,10029912064,3050,1862,1244457,35299,4557467648,17,1959412,301028,6541176,19396,2999549952,1,20639:10
72584472,20639,7784468480,10029912064,3057,1865,1245994,35347,4563890176,17,1959420,301036,6541244,19396,2994249728,1,20639:10
72690152,20639,7798493184,10029912064,3065,1867,1247754,35400,4570836992,17,1959428,301038,6541317,19396,2986856448,1,20639:10
72796038,20639,7812648960,10029912064,3072,1871,1249538,35455,4578045952,17,1959436,301043,6541390,19396,2979454976,1,20639:11
72901809,20639,7778308096,10029912064,3079,1874,1251021,35500,4583813120,17,1959444,301054,6541454,19396,2973196288,1,20639:11
73007384,20639,7792201728,10029912064,3089,1875,1252777,35553,4590891008,17,1959453,301055,6541527,19396,2966028288,1,20639:10
73113074,20639,7806357504,10029912064,3096,1878,1254553,35606,4597837824,17,1959461,301058,6541600,19396,2959089664,1,20639:10
73218719,20639,7798624256,10029912064,3103,1881,1256192,35656,4604391424,17,1959468,301066,6541669,19396,2952400896,1,20639:10
73324173,20639,7786172416,10029912064,3109,1886,1257795,35705,4610682880,17,1959474,301076,6541738,19396,2947325952,1,20639:11
73429846,20639,7800328192,10029912064,3115,1890,1259568,35758,4617760768,17,1959481,301081,6541811,19396,2940051456,1,20639:10
73535602,20639,7814352896,10029912064,3125,1891,1261342,35812,4624838656,17,1959490,301083,6541882,19396,2933108736,1,20639:11
73640611,20639,7781060608,10029912064,3132,1894,1262835,35857,4630736896,17,1959500,301096,6541945,19396,2926256128,1,20639:10
73746042,20639,7795347456,10029912064,3138,1898,1264631,35912,4637945856,17,1959506,301102,6542017,19396,2919686144,1,20639:10
73851773,20639,7809765376,10029912064,3146,1901,1266451,35967,4645154816,17,1959514,301105,6542089,19396,2912088064,1,20639:11
73957426,20639,7811731456,10029912064,3152,1905,1268241,36021,4652101632,17,1959521,301113,6542162,19396,2905960448,1,20639:10
74065964,20639,7766642688,10029912064,3159,1908,1269711,36066,4658130944,17,1959529,301126,6542224,19396,2900226048,1,20639:10
74171619,20639,7780405248,10029912064,3165,1912,1271426,36119,4665077760,17,1959534,301130,6542298,19396,2893250560,1,20639:10
74277200,20639,7794561024,10029912064,3173,1914,1273266,36173,4672155648,17,1959542,301133,6542371,19396,2886279168,1,20639:10
74382919,20639,7808716800,10029912064,3179,1918,1275103,36228,4679233536,17,1959549,301138,6542444,19396,2879029248,1,20639:10
74488601,20639,7823003648,10029912064,3185,1922,1276955,36282,4686442496,17,1959556,301142,6542517,19396,2871955456,1,20639:10
74594033,20639,7790759936,10029912064,3191,1927,1278531,36328,4692471808,17,1959562,301155,6542581,19396,2865627136,1,20639:11
74699684,20639,7805046784,10029912064,3197,1931,1280373,36382,4699549696,17,1959568,301160,6542655,19396,2858287104,1,20639:10
74805302,20639,7816843264,10029912064,3203,1934,1281901,36427,4705447936,17,1959576,301162,6542725,19400,2852044800,1,20639:9
74910870,20639,7792857088,10029912064,3210,1937,1283535,36475,4711739392,17,1959583,301172,6542791,19400,2845716480,1,20639:10
75016344,20639,7798886400,10029912064,3217,1941,1285329,36528,4718686208,17,1959590,301178,6542863,19400,2838667264,1,20639:11
75121949,20639,7812386816,10029912064,3222,1945,1287077,36580,4725501952,17,1959598,301184,6542932,19401,2831552512,1,20639:9
75227700,20639,7817105408,10029912064,3230,1947,1288869,36632,4732317696,17,1959606,301188,6543003,19401,2825285632,1,20639:10
75332981,20639,7795085312,10029912064,3235,1952,1290522,36681,4738740224,17,1959612,301200,6543070,19401,2819076096,1,20639:11
75438431,20639,7809241088,10029912064,3245,1953,1292360,36735,4745818112,17,1959622,301200,6543143,19401,2811817984,1,20639:10
75543992,20639,7823527936,10029912064,3253,1955,1294215,36790,4752896000,17,1959630,301203,6543216,19401,2804817920,1,20639:10
75649711,20639,7792463872,10029912064,3261,1957,1295809,36836,4759056384,17,1959638,301214,6543281,19401,2798247936,1,20639:10
75755283,20639,7806619648,10029912064,3270,1958,1297653,36891,4766265344,17,1959648,301215,6543354,19401,2791170048,1,20639:10
75860994,20639,7818285056,10101006336,3271,1962,1299472,36947,4771303424,17,1959650,301220,6543428,19405,2780467200,1,20639:5
75967073,20639,7829688320,10103529472,3273,1970,1315750,36948,4771381248,17,1959653,301238,6543492,19405,2715459584,1,20639:10
76073213,20639,7775293440,10200059904,3282,1971,1316317,36953,4771729408,17,1959662,301250,6543556,19405,2715443200,1,20639:11
76183375,20639,7778177024,10262044672,3322,1974,1317856,37037,4772597760,17,1959707,301252,6543594,19415,2711875584,8,20639:47;20641:0;20642:0;20643:0;20644:0;20645:0;20646:0;20647:0
76311170,20639,7778177024,10262044672,3415,1975,1317925,37037,4772597760,17,1959804,301253,6543602,19415,2711875584,8,20639:90;20641:90;20642:90;20643:93;20644:93;20645:90;20646:93;20647:93
76437719,20639,7778177024,10262044672,3504,1975,1317925,37037,4772597760,17,1959900,301254,6543612,19415,2711875584,8,20639:94;20641:96;20642:96;20643:95;20644:96;20645:98;20646:99;20647:99
76576611,20639,7778177024,10262044672,3604,1975,1317925,37037,4772597760,17,1959994,301254,6543619,19415,2711707648,8,20639:97;20641:95;20642:95;20643:93;20644:92;20645:96;20646:91;20647:91
76701362,20639,7778177024,10262044672,3676,1975,1317925,37037,4772597760,17,1960070,301257,6543638,19415,2711683072,8,20639:72;20641:72;20642:72;20643:72;20644:72;20645:72;20646:72;20647:77
76833810,20639,7778177024,10262044672,3773,1975,1317925,37037,4772597760,17,1960170,301258,6543646,19415,2711683072,8,20639:97;20641:97;20642:105;20643:105;20644:105;20645:99;20646:102;20647:99
76965151,20639,7778570240,10262044672,3872,1975,1318189,37037,4772597760,17,1960267,301258,6543651,19415,2711166976,8,20639:97;20641:97;20642:89;20643:89;20644:89;20645:95;20646:92;20647:90
77091217,20639,7779356672,10262044672,3968,1975,1319675,37037,4772597760,17,1960367,301261,6543651,19415,2710392832,8,20639:95;20641:95;20642:101;20643:101;20644:107;20645:101;20646:101;20647:107
77223593,20639,7779880960,10262044672,4064,1975,1320311,37037,4772597760,17,1960456,301261,6543665,19415,2710179840,8,20639:97;20641:97;20642:94;20643:96;20644:90;20645:93;20646:93;20647:87
77355181,20639,7779880960,10262044672,4160,1976,1320311,37037,4772597760,17,1960549,301261,6543672,19415,2710179840,8,20639:97;20641:97;20642:96;20643:95;20644:95;20645:92;20646:96;20647:96
77480963,20639,7779880960,10262044672,4250,1976,1320311,37037,4772597760,17,1960657,301262,6543674,19415,2710179840,8,20639:92;20641:92;20642:90;20643:98;20644:98;20645:104;20646:100;20647:106
77620800,20639,7779880960,10262044672,4359,1976,1320311,37037,4772597760,17,1960751,301262,6543680,19415,2710179840,8,20639:108;20641:108;20642:108;20643:99;20644:99;20645:100;20646:100;20647:94
77745455,20639,7779880960,10262044672,4449,1976,1320311,37037,4772597760,17,1960844,301264,6543688,19415,2710179840,8,20639:90;20641:90;20642:90;20643:90;20644:96;20645:90;20646:90;20647:90
77870196,20639,7779880960,10262044672,4539,1976,1320311,37037,4772597760,17,1960945,301264,6543689,19415,2710179840,8,20639:91;20641:100;20642:100;20643:100;20644:97;20645:96;20646:99;20647:99
77999173,20639,7779880960,10262044672,4636,1976,1320311,37037,4772597760,17,1961027,301264,6543701,19415,2710179840,8,20639:95;20641:86;20642:89;20643:90;20644:87;20645:87;20646:88;20647:88
78127300,20639,7779880960,10262044672,4730,1976,1320311,37037,4772597760,17,1961120,301266,6543708,19415,2710179840,8,20639:94;20641:94;20642:93;20643:93;20644:93;20645:93;20646:92;20647:93
78267171,20639,7779880960,10262044672,4814,1976,1320311,37037,4772597760,17,1961221,301269,6543725,19415,2710179840,8,20639:83;20641:89;20642:87;20643:92;20644:92;20645:98;20646:95;20647:94
78399098,20639,7534026752,10090532864,4845,1984,1320312,37038,4772618240,17,1961231,301279,6543796,19415,2979004416,8,20639:39;20641:33;20642:34;20643:28;20644:28;20645:22;20646:22;20647:22
78514244,20639,7226118144,10090532864,4845,1996,1320312,37038,4772618240,17,1961232,301292,6543876,19415,3299094528,8,20639:12;20641:12;20642:11;20643:11;20644:11;20645:12;20646:12;20647:12
78631545,20639,6886006784,10090532864,4845,2008,1320312,37038,4772618240,17,1961233,301304,6543956,19415,3619266560,8,20639:12;20641:12;20642:12;20643:12;20644:12;20645:11;20646:12;20647:12
78748007,20639,6550827008,10090532864,4845,2019,1320312,37038,4772618240,17,1961234,301316,6544035,19415,3964006400,8,20639:12;20641:12;20642:12;20643:12;20644:12;20645:12;20646:11;20647:11
78865341,20639,6198140928,10090532864,4845,2031,1320312,37038,4772618240,17,1961235,301341,6544105,19415,4310609920,8,20639:11;20641:11;20642:12;20643:12;20644:12;20645:12;20646:12;20647:12
78985715,20639,5858402304,10090532864,4845,2043,1320312,37038,4772618240,17,1961237,301365,6544175,19415,4649164800,8,20639:12;20641:12;20642:12;20643:12;20644:12;20645:12;20646:12;20647:12
79104726,20639,5518028800,10090532864,4845,2055,1320312,37038,4772618240,17,1961238,301390,6544244,19415,4991725568,8,20639:12;20641:12;20642:12;20643:12;20644:12;20645:12;20646:12;20647:12
79224521,20639,5227446272,7811227648,4845,2067,1320312,37038,4772618240,17,1961240,301414,6544314,19415,5301272576,8,20639:12;20641:12;20642:12;20643:12;20644:12;20645:12;20646:12;20647:12
79344936,20639,4909662208,7811227648,4845,2079,1320312,37038,4772618240,17,1961241,301439,6544384,19415,5584461824,8,20639:12;20641:12;20642:12;20643:12;20644:12;20645:12;20646:12;20647:12
79463854,20639,4631601152,7811227648,4845,2091,1320312,37038,4772618240,17,1961243,301463,6544452,19415,5871198208,8,20639:12;20641:12;20642:11;20643:12;20644:12;20645:12;20646:12;20647:12
79581787,20639,4353597440,7811227648,4845,2102,1320312,37038,4772618240,17,1961244,301486,6544520,19415,6137233408,8,20639:12;20641:12;20642:12;20643:11;20644:11;20645:12;20646:12;20647:12
79699204,20639,4075479040,7811227648,4845,2114,1320312,37038,4772618240,17,1961247,301518,6544601,19415,6490558464,8,20639:11;20641:13;20642:13;20643:14;20644:14;20645:13;20646:14;20647:14
79844793,20639,3722354688,7811227648,4845,2129,1320312,37038,4772618240,17,1961249,301541,6544669,19415,6761680896,8,20639:15;20641:13;20642:13;20643:13;20644:13;20645:13;20646:12;20647:12
79960606,20639,3470696448,7811227648,4845,2141,1320312,37038,4772618240,17,1961250,301566,6544738,19415,7046365184,8,20639:12;20641:12;20642:12;20643:11;20644:11;20645:11;20646:12;20647:12
80079600,20639,3162415104,7811227648,4845,2152,1320312,37038,4772618240,17,1961252,301590,6544807,19415,7318605824,8,20639:11;20641:12;20642:12;20643:12;20644:12;20645:13;20646:12;20647:12
80197902,20639,2883788800,7811227648,4845,2164,1320312,37038,4772618240,17,1961254,301613,6544876,19415,7599177728,8,20639:12;20641:12;20642:12;20643:12;20644:12;20645:11;20646:12;20647:12
80316534,20639,2712522752,5094985728,4847,2174,1320409,37038,4772618240,17,1961260,301634,6544946,19415,7779008512,8,20639:12;20641:11;20642:12;20643:12;20644:12;20645:12;20646:11;20647:11
80438272,20639,2702491648,5084835840,4859,2175,1320478,37039,4772749312,17,1961273,301646,6545015,19415,7786303488,8,20639:13;20641:13;20642:12;20643:12;20644:12;20645:12;20646:12;20647:13
80555920,20639,2702491648,5084835840,4870,2175,1320478,37039,4772749312,17,1961286,301648,6545092,19415,7788343296,8,20639:11;20641:12;20642:12;20643:12;20644:12;20645:12;20646:12;20647:11
80670611,20639,2460999680,5084569600,4876,2180,1320478,37039,4772749312,17,1961292,301654,6545170,19415,7788343296,8,20639:11;20641:10;20642:10;20643:11;20644:11;20645:11;20646:11;20647:11
80783695,20639,1926356992,5084569600,4876,2191,1320478,37039,4772749312,17,1961293,301666,6545247,19415,7788343296,8,20639:11;20641:11;20642:12;20643:11;20644:11;20645:11;20646:11;20647:11
80896415,20639,1416024064,5084569600,4876,2203,1320478,37039,4772749312,17,1961294,301678,6545325,19415,7788343296,8,20639:12;20641:12;20642:11;20643:11;20644:11;20645:11;20646:11;20647:11
81009372,20639,888877056,5084569600,4876,2214,1320478,37039,4772749312,17,1961295,301689,6545403,19415,7788343296,8,20639:11;20641:11;20642:11;20643:11;20644:12;20645:12;20646:12;20647:12
81122117,20639,376991744,5084569600,4876,2225,1320478,37039,4772749312,17,1961296,301700,6545480,19415,7788343296,8,20639:11;20641:11;20642:11;20643:12;20644:11;20645:11;20646:11;20647:11
