EVENT,PROCESS_START,10339133366,20159,20159,gguf
EVENT,MODEL_OPEN_BEGIN,10339146939,20159,20159,gguf
EVENT,MODEL_METADATA_BEGIN,10339147040,20159,20159,
EVENT,FORMAT_OPEN_BEGIN,10339148726,20159,20159,
EVENT,FORMAT_OPEN_END,10339338848,20159,20159,
EVENT,TENSOR_ENUMERATION_BEGIN,10339339205,20159,20159,
EVENT,TENSOR_ENUMERATION_END,10339354963,20159,20159,format
EVENT,MODEL_METADATA_END,10339609176,20159,20159,
EVENT,TOKENIZER_BEGIN,10339609945,20159,20159,
EVENT,TOKENIZER_END,10340885136,20159,20159,
EVENT,TENSOR_ENUMERATION_BEGIN,10340885703,20159,20159,runtime
EVENT,TENSOR_ENUMERATION_END,10340913109,20159,20159,runtime
EVENT,MODEL_STRUCTURE_READY,10340913140,20159,20159,
EVENT,BACKEND_BUFFER_ALLOCATION_BEGIN,10340913771,20159,20159,
EVENT,BACKEND_BUFFER_ALLOCATION_END,10340914258,20159,20159,
EVENT,PAYLOAD_MATERIALIZATION_BEGIN,10340914376,20159,20159,
REPACK,blk.0.ffn_down.weight,iq4_nl,iq4_nl_16x1,12607488,12607488,10372037313,10372193627,156314
REPACK,blk.1.ffn_down_exps.weight,iq4_nl,iq4_nl_16x1,103809024,103809024,10373830503,10375026095,1195592
REPACK,blk.1.ffn_down_shexp.weight,q2_K,q2_K_16x1,1892352,1892352,10375047602,10375068767,21165
REPACK,blk.2.ffn_down_exps.weight,iq4_nl,iq4_nl_16x1,103809024,103809024,10376554171,10377752264,1198093
REPACK,blk.3.ffn_down_exps.weight,iq4_nl,iq4_nl_16x1,103809024,103809024,10379120061,10380327558,1207497
REPACK,blk.4.ffn_down_exps.weight,iq4_nl,iq4_nl_16x1,103809024,103809024,10381684345,10382945998,1261653
REPACK,blk.5.ffn_down_exps.weight,iq4_nl,iq4_nl_16x1,103809024,103809024,10384318118,10385577119,1259001
REPACK,blk.6.ffn_down_exps.weight,iq4_nl,iq4_nl_16x1,103809024,103809024,10386952858,10388224489,1271631
REPACK,blk.7.ffn_down_exps.weight,iq4_nl,iq4_nl_16x1,103809024,103809024,10389599098,10390861668,1262570
REPACK,blk.8.ffn_down_exps.weight,iq4_nl,iq4_nl_16x1,103809024,103809024,10392238478,10393499553,1261075
REPACK,blk.9.ffn_down_exps.weight,iq4_nl,iq4_nl_16x1,103809024,103809024,10394874834,10396138128,1263294
REPACK,blk.10.ffn_down_exps.weight,iq4_nl,iq4_nl_16x1,103809024,103809024,10397513253,10398775600,1262347
REPACK,blk.11.ffn_down_exps.weight,iq4_nl,iq4_nl_16x1,103809024,103809024,10400149855,10401412421,1262566
REPACK,blk.12.ffn_down_exps.weight,iq4_nl,iq4_nl_16x1,103809024,103809024,10402772771,10404028069,1255298
REPACK,blk.13.ffn_down_exps.weight,iq4_nl,iq4_nl_16x1,103809024,103809024,10405401507,10406661731,1260224
REPACK,blk.14.ffn_down_exps.weight,iq4_nl,iq4_nl_16x1,103809024,103809024,10408032533,10409287910,1255377
REPACK,blk.15.ffn_down_exps.weight,iq4_nl,iq4_nl_16x1,103809024,103809024,10410663754,10411922954,1259200
REPACK,blk.16.ffn_down_exps.weight,iq4_nl,iq4_nl_16x1,103809024,103809024,10413296125,10414553430,1257305
REPACK,blk.17.ffn_down_exps.weight,iq4_nl,iq4_nl_16x1,103809024,103809024,10415919216,10417171490,1252274
REPACK,blk.18.ffn_down_exps.weight,iq4_nl,iq4_nl_16x1,103809024,103809024,10418549998,10419745228,1195230
REPACK,blk.19.ffn_down_exps.weight,iq4_nl,iq4_nl_16x1,103809024,103809024,10421127063,10422321245,1194182
REPACK,blk.20.ffn_down_exps.weight,iq4_nl,iq4_nl_16x1,103809024,103809024,10423700835,10424964752,1263917
REPACK,blk.21.ffn_down_exps.weight,iq4_nl,iq4_nl_16x1,103809024,103809024,10426345569,10427612218,1266649
REPACK,blk.22.ffn_down_exps.weight,iq4_nl,iq4_nl_16x1,103809024,103809024,10428995665,10430257453,1261788
REPACK,blk.23.ffn_down_exps.weight,iq4_nl,iq4_nl_16x1,103809024,103809024,10431641333,10432903013,1261680
REPACK,blk.24.ffn_down_exps.weight,iq4_nl,iq4_nl_16x1,103809024,103809024,10434277800,10435538320,1260520
REPACK,blk.25.ffn_down_exps.weight,iq4_nl,iq4_nl_16x1,103809024,103809024,10436913473,10438171110,1257637
REPACK,blk.26.ffn_down_exps.weight,iq4_nl,iq4_nl_16x1,103809024,103809024,10439550360,10440801273,1250913
EVENT,PAYLOAD_MATERIALIZATION_END,10440836849,20159,20159,
EVENT,MODEL_OPEN_END,10440843178,20159,20159,success
EVENT,CONTEXT_CREATE_BEGIN,10440844654,20159,20159,
EVENT,GRAPH_RESERVE_BEGIN,10440930016,20159,20159,
EVENT,GRAPH_RESERVE_END,10441033154,20159,20159,
EVENT,CONTEXT_CREATE_END,10441033956,20159,20159,success
EVENT,EXECUTION_READY,10441034053,20159,20159,
EVENT,PROMPT_EVAL_BEGIN,10441034069,20159,20159,
EVENT,PROMPT_EVAL_END,10442077436,20159,20159,success
EVENT,FIRST_DECODE_BEGIN,10442078225,20159,20159,
EVENT,FIRST_DECODE_END,10442444303,20159,20159,success
EVENT,FIRST_TOKEN,10442444414,20159,20159,
EVENT,RUN_END,10443215143,20159,20159,success
